order_id,order_date,product_id,product_category,price,discount_percent,quantity_sold,customer_region,payment_method,rating,review_count,discounted_price,total_revenue
1,2022-04-13,3832,Home,198.71,30,6,Europe,Debit Card,4.4,74,139.1,834.6
2,2023-03-12,3824,Electronics,434.25,10,8,North America,PayPal,3.6,637,390.82,3126.56
3,2022-09-28,2994,Fashion,243.22,5,8,Europe,UPI,2.1,700,231.06,1848.48
4,2022-04-17,4490,Books,64.38,30,6,Asia,Credit Card,4.9,254,45.07,270.42
5,2022-03-13,8984,Books,320.87,25,3,South America,PayPal,2.3,959,240.65,721.95
6,2023-12-02,2604,Fashion,387.68,10,5,Europe,Debit Card,5.0,833,348.91,1744.55
7,2022-01-21,1235,Fashion,11.41,25,2,Asia,Credit Card,5.0,820,8.56,17.12
8,2023-09-07,2908,Electronics,430.89,30,5,Europe,Credit Card,1.8,747,301.62,1508.1
9,2022-05-02,9567,Fashion,101.15,30,9,Asia,Credit Card,2.3,986,70.8,637.2
10,2023-04-12,4530,Fashion,280.51,10,10,South America,Debit Card,2.9,762,252.46,2524.6
11,2022-08-03,6256,Electronics,213.74,25,1,North America,Credit Card,3.7,332,160.3,160.3
12,2022-11-27,3635,Sports,362.63,15,10,Europe,Credit Card,3.1,398,308.24,3082.4
13,2023-04-04,9162,Fashion,191.87,25,5,Oceania,Credit Card,4.9,345,143.9,719.5
14,2022-03-29,3560,Beauty,436.18,30,6,South America,UPI,3.9,584,305.33,1831.98
15,2023-01-08,6415,Sports,367.94,25,7,Asia,PayPal,1.8,747,275.96,1931.72
16,2022-04-10,4391,Fashion,327.38,5,9,Asia,Credit Card,1.4,836,311.01,2799.09
17,2023-10-26,6951,Sports,400.16,15,6,Europe,Credit Card,3.8,668,340.14,2040.84
18,2022-05-11,6468,Electronics,379.47,20,5,Asia,Credit Card,1.6,455,303.58,1517.9
19,2023-10-24,9007,Electronics,27.61,5,7,South America,Net Banking,4.2,906,26.23,183.61
20,2022-11-05,7413,Electronics,203.42,20,1,Asia,Debit Card,2.2,115,162.74,162.74
21,2022-12-10,7941,Electronics,466.1,10,5,Europe,Debit Card,2.3,313,419.49,2097.45
22,2023-05-07,5820,Electronics,71.6,20,2,North America,Credit Card,1.0,228,57.28,114.56
23,2023-02-18,3898,Electronics,371.18,25,4,Europe,PayPal,3.8,834,278.38,1113.52
24,2023-01-21,8546,Home,487.55,20,7,North America,Debit Card,1.5,858,390.04,2730.28
25,2022-07-11,1077,Home,35.58,30,5,North America,Credit Card,4.1,245,24.91,124.55
26,2022-10-04,8577,Electronics,344.28,5,6,Europe,Credit Card,3.0,818,327.07,1962.42
27,2022-06-10,5227,Home,239.4,5,2,North America,Debit Card,4.1,526,227.43,454.86
28,2023-04-05,1600,Books,293.8,20,3,North America,PayPal,3.3,528,235.04,705.12
29,2022-11-10,2065,Fashion,51.82,5,7,Asia,PayPal,1.3,950,49.23,344.61
30,2022-01-22,3136,Sports,31.07,30,2,North America,UPI,4.1,427,21.75,43.5
31,2022-09-10,7943,Fashion,336.76,5,6,North America,PayPal,1.3,42,319.92,1919.52
32,2023-07-15,8804,Books,413.42,20,5,Europe,Credit Card,2.9,465,330.74,1653.7
33,2023-04-20,7565,Fashion,393.19,15,10,North America,UPI,1.7,622,334.21,3342.1
34,2022-02-28,6984,Fashion,276.46,15,1,Asia,UPI,4.0,278,234.99,234.99
35,2023-05-26,6142,Beauty,58.93,10,10,North America,Credit Card,4.6,836,53.04,530.4
36,2023-11-13,5670,Electronics,347.14,5,4,Asia,PayPal,3.2,19,329.78,1319.12
37,2023-04-21,3190,Beauty,128.53,20,2,Africa,Credit Card,3.1,66,102.82,205.64
38,2023-12-01,3712,Electronics,456.42,5,4,Asia,Credit Card,4.1,167,433.6,1734.4
39,2022-07-09,3192,Electronics,420.75,25,1,Asia,UPI,1.0,585,315.56,315.56
40,2023-11-18,2248,Fashion,357.6,30,2,South America,UPI,4.7,403,250.32,500.64
41,2023-07-17,5033,Home,474.93,5,8,Asia,UPI,1.8,912,451.18,3609.44
42,2023-07-21,2997,Books,25.4,5,6,North America,Credit Card,4.9,822,24.13,144.78
43,2022-09-01,4687,Sports,370.74,15,2,Europe,PayPal,3.9,409,315.13,630.26
44,2023-05-20,5018,Sports,171.82,30,6,South America,Debit Card,4.1,112,120.27,721.62
45,2022-05-11,2970,Fashion,453.97,20,10,Europe,Debit Card,3.6,274,363.18,3631.8
46,2023-04-30,9389,Beauty,140.67,5,9,North America,Net Banking,2.9,407,133.64,1202.76
47,2023-10-09,6765,Sports,365.18,15,7,Asia,PayPal,3.3,373,310.4,2172.8
48,2022-01-21,2202,Home,440.05,10,9,South America,Credit Card,1.2,597,396.04,3564.36
49,2022-06-16,9135,Books,30.41,30,5,North America,PayPal,3.5,651,21.29,106.45
50,2022-10-01,6567,Electronics,204.85,15,7,Asia,Credit Card,3.5,39,174.12,1218.84
51,2023-01-23,8667,Electronics,383.53,15,7,North America,Credit Card,4.6,105,326.0,2282.0
52,2023-08-24,6742,Fashion,232.91,15,3,Asia,Debit Card,3.0,324,197.97,593.91
53,2022-11-12,6788,Books,140.95,5,7,Europe,Net Banking,1.3,793,133.9,937.3
54,2022-01-14,6408,Sports,117.7,5,1,Europe,Credit Card,2.2,959,111.82,111.82
55,2022-08-30,9669,Books,74.44,10,9,South America,UPI,3.6,992,67.0,603.0
56,2022-12-12,1922,Electronics,429.99,25,10,Europe,Credit Card,2.0,414,322.49,3224.9
57,2023-07-19,1419,Beauty,291.92,25,6,Asia,PayPal,2.1,429,218.94,1313.64
58,2022-12-06,3204,Sports,47.43,25,5,Europe,Debit Card,4.3,635,35.57,177.85
59,2022-04-02,2120,Fashion,197.46,30,7,Europe,UPI,3.3,730,138.22,967.54
60,2023-01-02,1950,Sports,190.19,30,5,Asia,Credit Card,3.0,889,133.13,665.65
61,2023-03-31,3336,Books,99.05,10,10,North America,PayPal,2.3,61,89.14,891.4
62,2023-03-04,6373,Books,223.4,30,5,Europe,Net Banking,3.9,612,156.38,781.9
63,2023-05-24,3243,Home,172.73,25,10,North America,UPI,2.2,307,129.55,1295.5
64,2022-02-04,3645,Electronics,177.48,25,7,Asia,Debit Card,3.9,354,133.11,931.77
65,2022-07-25,5612,Electronics,372.12,15,10,Africa,Net Banking,1.3,393,316.3,3163.0
66,2022-03-22,2865,Electronics,119.4,30,7,Oceania,Credit Card,4.5,204,83.58,585.06
67,2023-07-16,7028,Fashion,324.51,5,3,Europe,PayPal,3.0,258,308.28,924.84
68,2023-01-23,8326,Fashion,289.62,5,3,Europe,PayPal,2.8,486,275.14,825.42
69,2022-01-02,7371,Electronics,288.37,15,10,Europe,Credit Card,3.4,517,245.11,2451.1
70,2023-01-25,7359,Sports,334.87,15,3,South America,Debit Card,3.5,446,284.64,853.92
71,2023-07-20,8863,Home,278.71,15,6,North America,Credit Card,1.5,709,236.9,1421.4
72,2022-04-16,4228,Fashion,440.84,5,6,Oceania,UPI,4.0,180,418.8,2512.8
73,2023-04-22,4719,Electronics,341.03,25,3,Europe,UPI,2.1,342,255.77,767.31
74,2023-12-04,3371,Fashion,278.01,15,3,Oceania,Credit Card,4.6,133,236.31,708.93
75,2023-02-06,3891,Books,416.58,10,8,South America,Debit Card,4.3,443,374.92,2999.36
76,2023-12-31,4756,Sports,307.01,15,8,South America,Credit Card,2.4,836,260.96,2087.68
77,2023-07-10,5225,Fashion,152.66,20,7,Europe,Debit Card,4.2,253,122.13,854.91
78,2022-06-11,1094,Fashion,111.48,15,10,North America,Credit Card,2.4,265,94.76,947.6
79,2022-07-21,3674,Home,84.64,5,4,Europe,PayPal,1.4,93,80.41,321.64
80,2022-09-27,7898,Home,450.73,30,4,Europe,Credit Card,4.8,662,315.51,1262.04
81,2022-09-28,1793,Home,357.97,15,3,North America,PayPal,3.6,411,304.27,912.81
82,2023-04-01,3116,Fashion,469.32,30,5,Asia,UPI,2.8,138,328.52,1642.6
83,2023-04-07,6779,Fashion,305.61,20,3,Europe,Credit Card,2.6,208,244.49,733.47
84,2023-12-28,7166,Fashion,241.97,10,8,Asia,PayPal,2.3,637,217.77,1742.16
85,2022-09-09,1814,Fashion,39.26,30,7,Asia,Debit Card,4.9,746,27.48,192.36
86,2023-12-03,1345,Home,339.1,25,3,North America,Debit Card,1.5,573,254.32,762.96
87,2022-10-23,9554,Sports,295.28,15,9,Oceania,Credit Card,2.3,307,250.99,2258.91
88,2023-12-26,3443,Home,495.2,20,5,North America,Debit Card,2.9,266,396.16,1980.8
89,2023-12-21,8783,Sports,127.19,20,9,Europe,Credit Card,2.9,646,101.75,915.75
90,2022-12-04,1984,Electronics,270.06,30,7,Europe,Credit Card,2.9,318,189.04,1323.28
91,2022-02-22,8790,Home,328.97,10,7,South America,Debit Card,1.7,113,296.07,2072.49
92,2022-08-05,1827,Electronics,325.85,5,6,North America,Credit Card,1.6,901,309.56,1857.36
93,2022-07-07,4531,Electronics,285.03,15,2,Europe,Credit Card,2.0,378,242.28,484.56
94,2023-01-15,8147,Electronics,390.69,20,9,Asia,Credit Card,4.7,454,312.55,2812.95
95,2023-05-08,5451,Fashion,110.44,10,6,North America,Credit Card,1.5,191,99.4,596.4
96,2022-02-10,4876,Electronics,365.56,25,8,Asia,Credit Card,4.0,891,274.17,2193.36
97,2022-06-06,6959,Beauty,313.67,20,1,Africa,Net Banking,4.0,440,250.94,250.94
98,2022-01-15,1126,Fashion,449.08,10,5,Oceania,Credit Card,4.2,187,404.17,2020.85
99,2022-03-06,4177,Books,425.13,5,1,North America,UPI,4.5,831,403.87,403.87
100,2023-06-05,9795,Electronics,164.42,5,10,North America,Credit Card,2.1,367,156.2,1562.0
101,2022-12-10,7024,Sports,145.36,20,8,Europe,Net Banking,1.9,89,116.29,930.32
102,2022-05-09,6109,Electronics,491.01,20,8,Europe,Credit Card,2.9,187,392.81,3142.48
103,2023-10-10,5146,Home,268.36,30,1,North America,Net Banking,2.1,819,187.85,187.85
104,2023-04-17,8196,Fashion,454.15,15,9,North America,UPI,3.9,946,386.03,3474.27
105,2022-03-04,4368,Home,90.3,10,2,Oceania,Credit Card,3.5,132,81.27,162.54
106,2022-05-19,4797,Fashion,324.98,20,9,Africa,PayPal,4.5,872,259.98,2339.82
107,2023-05-14,2792,Sports,406.83,15,1,North America,Debit Card,1.3,635,345.81,345.81
108,2023-08-16,6732,Home,474.22,30,10,Europe,Credit Card,4.7,560,331.95,3319.5
109,2023-01-27,4476,Fashion,175.3,15,9,Europe,PayPal,2.2,800,149.0,1341.0
110,2023-11-06,4417,Books,365.24,20,4,North America,Net Banking,3.0,376,292.19,1168.76
111,2023-02-23,2645,Books,274.02,5,9,Asia,Debit Card,2.8,691,260.32,2342.88
112,2022-10-16,4030,Electronics,39.71,10,7,Asia,Credit Card,4.0,692,35.74,250.18
113,2023-01-14,3872,Fashion,348.1,10,6,South America,PayPal,2.7,99,313.29,1879.74
114,2023-05-05,4072,Home,348.15,5,5,Asia,UPI,4.8,842,330.74,1653.7
115,2022-08-19,2854,Electronics,466.0,20,9,Asia,PayPal,4.6,34,372.8,3355.2
116,2022-02-10,5021,Fashion,253.68,10,2,Asia,UPI,4.5,932,228.31,456.62
117,2022-01-28,5662,Books,122.82,20,2,Europe,Credit Card,1.3,582,98.26,196.52
118,2022-05-15,7514,Books,31.84,30,9,Asia,Net Banking,4.4,171,22.29,200.61
119,2022-07-20,6031,Sports,213.66,20,3,Europe,Credit Card,4.1,366,170.93,512.79
120,2022-02-02,3708,Fashion,157.94,15,8,North America,Credit Card,1.4,784,134.25,1074.0
121,2022-02-17,8112,Home,382.93,5,9,North America,Debit Card,1.4,59,363.78,3274.02
122,2023-05-18,9393,Sports,183.59,20,8,Europe,UPI,1.4,181,146.87,1174.96
123,2023-02-11,4507,Home,475.04,30,4,Africa,Credit Card,1.0,19,332.53,1330.12
124,2023-07-28,7456,Sports,481.53,25,1,North America,PayPal,3.2,226,361.15,361.15
125,2023-12-29,5212,Electronics,314.25,5,4,Europe,Debit Card,4.9,473,298.54,1194.16
126,2022-04-09,8970,Beauty,465.04,10,9,Europe,Debit Card,2.8,95,418.54,3766.86
127,2023-11-15,9766,Books,382.82,15,2,Asia,PayPal,3.2,881,325.4,650.8
128,2023-12-27,1536,Books,277.96,10,3,North America,Debit Card,4.9,297,250.16,750.48
129,2023-07-01,2625,Home,98.35,30,10,Oceania,Credit Card,2.0,593,68.84,688.4
130,2023-09-05,8973,Beauty,234.71,30,8,South America,Credit Card,4.4,175,164.3,1314.4
131,2023-04-07,9577,Sports,284.83,10,6,Asia,Net Banking,3.2,222,256.35,1538.1
132,2023-10-05,9070,Books,433.34,5,8,Asia,Credit Card,3.3,615,411.67,3293.36
133,2022-01-05,9666,Fashion,245.85,10,7,North America,Debit Card,2.4,54,221.26,1548.82
134,2022-08-06,9609,Beauty,449.86,20,5,Europe,Debit Card,3.2,695,359.89,1799.45
135,2023-05-18,7490,Fashion,340.43,10,9,Asia,Debit Card,1.3,863,306.39,2757.51
136,2023-02-02,4600,Sports,77.13,15,4,North America,Credit Card,4.1,403,65.56,262.24
137,2023-01-28,7783,Sports,497.54,15,6,Europe,Debit Card,2.1,318,422.91,2537.46
138,2022-07-26,5971,Electronics,268.34,25,2,Asia,Debit Card,4.6,867,201.26,402.52
139,2022-01-15,2205,Electronics,202.01,15,2,Europe,Net Banking,2.5,349,171.71,343.42
140,2023-07-08,2990,Electronics,332.97,10,2,Africa,Credit Card,1.6,443,299.67,599.34
141,2023-04-06,6299,Fashion,63.36,15,10,North America,Debit Card,3.8,833,53.86,538.6
142,2023-11-22,4572,Sports,321.9,5,7,Asia,Debit Card,1.7,580,305.8,2140.6
143,2023-07-29,6975,Electronics,254.14,15,2,Asia,Debit Card,4.0,540,216.02,432.04
144,2022-08-29,7320,Sports,209.27,20,2,Asia,UPI,4.9,786,167.42,334.84
145,2023-07-18,5380,Books,476.98,5,9,Europe,Credit Card,4.1,282,453.13,4078.17
146,2022-04-06,5757,Beauty,266.04,25,7,Asia,Credit Card,1.1,360,199.53,1396.71
147,2023-04-30,3713,Electronics,117.37,20,3,South America,PayPal,3.4,915,93.9,281.7
148,2023-02-11,6588,Books,234.89,10,3,Europe,Debit Card,3.8,823,211.4,634.2
149,2022-08-19,1966,Books,460.5,10,7,Europe,Debit Card,4.3,631,414.45,2901.15
150,2023-10-17,5944,Home,96.29,10,5,Asia,Credit Card,1.2,892,86.66,433.3
151,2022-06-20,4432,Home,114.84,20,10,Asia,Credit Card,2.9,953,91.87,918.7
152,2023-06-25,1688,Sports,16.38,20,6,Europe,Credit Card,3.1,646,13.1,78.6
153,2022-02-05,5243,Books,16.95,20,8,Africa,Credit Card,1.7,641,13.56,108.48
154,2023-06-09,4701,Books,416.4,5,9,Europe,UPI,2.3,8,395.58,3560.22
155,2022-06-09,9533,Electronics,368.74,30,1,Europe,PayPal,2.8,993,258.12,258.12
156,2023-11-30,6182,Electronics,183.97,5,3,Asia,Credit Card,4.3,563,174.77,524.31
157,2022-08-31,7704,Electronics,352.17,10,7,Asia,Credit Card,4.7,491,316.95,2218.65
158,2022-03-27,5422,Beauty,203.65,30,6,South America,Credit Card,3.5,341,142.56,855.36
159,2023-08-01,2759,Beauty,476.92,15,7,Oceania,Debit Card,2.6,472,405.38,2837.66
160,2023-11-13,3482,Beauty,483.86,10,8,Europe,Credit Card,2.0,793,435.47,3483.76
161,2023-07-11,9058,Sports,202.47,25,6,North America,Net Banking,4.9,687,151.85,911.1
162,2023-07-28,1951,Electronics,428.57,5,3,North America,UPI,4.9,695,407.14,1221.42
163,2023-10-08,9914,Electronics,388.81,20,2,Asia,Net Banking,4.7,704,311.05,622.1
164,2022-01-28,3079,Electronics,161.9,5,7,South America,PayPal,4.1,249,153.8,1076.6
165,2023-09-12,3717,Sports,123.7,20,1,North America,Debit Card,2.3,235,98.96,98.96
166,2023-07-10,5524,Books,234.53,30,3,North America,Debit Card,4.3,83,164.17,492.51
167,2022-12-06,9477,Electronics,392.86,25,4,North America,Credit Card,2.6,93,294.64,1178.56
168,2022-11-27,8311,Books,480.48,30,1,South America,Debit Card,2.3,885,336.34,336.34
169,2023-10-02,8186,Electronics,384.15,25,5,Europe,Net Banking,4.0,394,288.11,1440.55
170,2023-05-21,3065,Sports,429.05,5,10,Europe,Credit Card,1.3,824,407.6,4076.0
171,2022-12-14,1768,Sports,305.5,20,3,Asia,PayPal,1.2,268,244.4,733.2
172,2023-04-18,6490,Fashion,419.35,30,2,South America,Credit Card,2.8,417,293.54,587.08
173,2022-08-19,7645,Beauty,394.37,25,3,Asia,PayPal,2.8,632,295.78,887.34
174,2022-07-09,6083,Home,194.72,10,8,Asia,Net Banking,4.6,583,175.25,1402.0
175,2022-08-13,6232,Books,280.48,10,6,North America,UPI,1.5,529,252.43,1514.58
176,2023-01-20,6797,Fashion,404.33,30,7,Asia,UPI,1.5,253,283.03,1981.21
177,2023-01-12,5926,Fashion,32.57,20,6,Asia,Debit Card,1.6,957,26.06,156.36
178,2022-10-10,7016,Books,405.96,30,6,Oceania,PayPal,1.1,122,284.17,1705.02
179,2023-09-25,4335,Beauty,97.17,5,3,North America,Net Banking,1.3,892,92.31,276.93
180,2023-09-20,9038,Electronics,262.19,25,8,North America,PayPal,3.6,10,196.64,1573.12
181,2022-09-16,5873,Sports,406.05,5,7,North America,UPI,2.7,799,385.75,2700.25
182,2022-12-25,2481,Fashion,134.37,10,7,Europe,UPI,4.1,316,120.93,846.51
183,2023-12-11,7305,Books,130.45,25,6,South America,PayPal,5.0,838,97.84,587.04
184,2023-04-01,4451,Electronics,207.35,30,5,North America,Debit Card,3.6,273,145.14,725.7
185,2023-02-15,1054,Books,448.37,5,10,Europe,PayPal,1.2,306,425.95,4259.5
186,2023-10-11,8643,Electronics,10.22,15,8,Europe,Debit Card,1.4,805,8.69,69.52
187,2022-11-14,4462,Beauty,451.68,20,5,North America,Credit Card,4.5,210,361.34,1806.7
188,2023-11-08,1832,Electronics,85.37,20,9,Europe,Debit Card,3.1,958,68.3,614.7
189,2022-08-13,6954,Home,495.14,15,9,Europe,Debit Card,4.3,730,420.87,3787.83
190,2022-08-22,9519,Fashion,477.88,10,1,Europe,Credit Card,4.4,753,430.09,430.09
191,2023-11-15,8221,Books,252.39,25,6,Asia,Credit Card,4.7,886,189.29,1135.74
192,2023-10-26,4310,Books,261.23,20,7,Asia,Debit Card,4.8,464,208.98,1462.86
193,2023-01-09,4300,Electronics,245.96,15,3,North America,Credit Card,3.2,712,209.07,627.21
194,2023-11-03,7722,Books,321.37,30,7,Oceania,Credit Card,2.4,728,224.96,1574.72
195,2023-08-31,8218,Electronics,54.45,15,7,Asia,PayPal,4.8,717,46.28,323.96
196,2023-04-17,8776,Electronics,25.98,10,2,Asia,Net Banking,3.2,925,23.38,46.76
197,2022-08-21,4675,Electronics,38.27,10,7,North America,PayPal,1.3,416,34.44,241.08
198,2023-11-23,4054,Fashion,227.74,5,1,North America,Net Banking,3.6,216,216.35,216.35
199,2022-04-23,8970,Fashion,145.02,20,5,North America,UPI,3.4,80,116.02,580.1
200,2023-05-12,3143,Beauty,314.8,5,9,North America,Credit Card,4.6,779,299.06,2691.54
201,2023-03-18,6207,Home,496.3,15,7,Europe,UPI,3.6,480,421.86,2953.02
202,2023-07-18,3538,Electronics,199.3,25,7,Africa,PayPal,2.4,902,149.48,1046.36
203,2022-09-25,5547,Books,291.18,25,2,Europe,Debit Card,4.9,891,218.38,436.76
204,2023-05-25,6619,Beauty,213.65,10,8,Europe,Credit Card,4.2,547,192.28,1538.24
205,2023-01-21,9356,Home,425.16,25,3,Asia,PayPal,3.5,801,318.87,956.61
206,2023-01-22,7612,Fashion,452.1,25,8,North America,Credit Card,2.2,18,339.08,2712.64
207,2022-04-23,6005,Sports,439.9,25,3,Asia,UPI,2.5,165,329.92,989.76
208,2023-09-05,1822,Fashion,487.44,15,10,Asia,Credit Card,3.7,525,414.32,4143.2
209,2023-09-17,1943,Electronics,23.48,25,7,Asia,UPI,1.3,202,17.61,123.27
210,2022-03-22,7150,Home,421.51,30,2,Oceania,Debit Card,2.0,741,295.06,590.12
211,2023-11-30,5425,Fashion,378.37,25,4,Europe,Credit Card,3.9,346,283.78,1135.12
212,2022-04-23,9966,Beauty,122.06,25,6,Asia,Debit Card,2.9,366,91.54,549.24
213,2022-01-02,3198,Home,478.6,5,9,Africa,UPI,2.6,977,454.67,4092.03
214,2023-10-04,5242,Electronics,82.61,15,5,Asia,PayPal,1.6,448,70.22,351.1
215,2022-08-08,4695,Fashion,342.98,10,9,Europe,PayPal,2.8,513,308.68,2778.12
216,2023-07-20,4452,Books,120.2,5,5,Africa,Debit Card,4.1,319,114.19,570.95
217,2022-08-13,2308,Fashion,221.38,20,10,North America,PayPal,2.1,217,177.1,1771.0
218,2023-01-20,5177,Sports,362.39,15,8,Africa,Credit Card,1.0,34,308.03,2464.24
219,2023-02-07,9705,Fashion,286.03,30,1,North America,Credit Card,3.7,871,200.22,200.22
220,2023-09-30,7852,Electronics,219.48,15,7,Asia,Credit Card,4.9,266,186.56,1305.92
221,2022-05-10,7035,Home,169.91,20,4,South America,UPI,3.4,640,135.93,543.72
222,2022-02-22,4594,Books,421.43,20,5,Europe,Credit Card,1.5,724,337.14,1685.7
223,2023-11-15,5841,Home,80.47,20,6,Europe,Credit Card,2.3,775,64.38,386.28
224,2023-12-31,2409,Books,220.75,10,5,Europe,UPI,4.5,824,198.68,993.4
225,2023-11-03,5566,Beauty,452.84,25,1,Oceania,PayPal,1.9,80,339.63,339.63
226,2023-12-11,5491,Electronics,424.47,15,9,South America,Debit Card,3.4,677,360.8,3247.2
227,2023-02-20,2555,Fashion,206.46,25,2,Asia,Credit Card,2.6,413,154.84,309.68
228,2022-09-04,1804,Fashion,383.92,25,9,Asia,Debit Card,1.8,252,287.94,2591.46
229,2023-03-15,2279,Electronics,413.35,30,10,South America,Debit Card,4.3,12,289.34,2893.4
230,2022-07-22,8083,Sports,445.55,20,2,Europe,UPI,4.0,401,356.44,712.88
231,2022-07-03,6986,Home,276.81,10,9,Europe,Credit Card,3.6,816,249.13,2242.17
232,2022-05-03,6619,Home,110.19,30,6,Asia,UPI,1.9,724,77.13,462.78
233,2023-02-05,2387,Books,135.1,5,9,Europe,PayPal,1.4,282,128.34,1155.06
234,2022-10-21,3679,Fashion,154.89,10,6,North America,Credit Card,3.3,112,139.4,836.4
235,2022-10-07,3106,Books,300.96,25,6,North America,Net Banking,3.2,723,225.72,1354.32
236,2023-09-02,9173,Electronics,26.08,10,2,North America,Debit Card,1.8,378,23.47,46.94
237,2022-07-17,5223,Sports,321.66,20,8,South America,Credit Card,1.2,751,257.33,2058.64
238,2023-05-26,5831,Electronics,188.53,5,3,Europe,Debit Card,1.3,268,179.1,537.3
239,2022-05-24,3768,Fashion,154.67,20,7,Asia,Credit Card,5.0,917,123.74,866.18
240,2023-09-01,4186,Electronics,440.95,5,5,Europe,Credit Card,4.1,298,418.9,2094.5
241,2022-07-20,3573,Sports,235.4,30,3,Europe,Debit Card,4.7,317,164.78,494.34
242,2022-05-04,3599,Home,56.58,25,1,Europe,PayPal,1.8,570,42.44,42.44
243,2022-07-06,5033,Sports,415.11,5,8,Asia,Net Banking,4.8,509,394.35,3154.8
244,2022-11-22,9428,Fashion,33.34,5,3,Asia,UPI,1.6,950,31.67,95.01
245,2023-04-09,2304,Fashion,366.11,5,2,Africa,Credit Card,3.0,546,347.8,695.6
246,2022-12-15,8368,Sports,389.21,10,1,Asia,UPI,4.3,775,350.29,350.29
247,2023-10-22,6877,Home,182.78,30,4,Asia,UPI,2.4,365,127.95,511.8
248,2023-02-07,2301,Fashion,414.15,10,8,Asia,PayPal,2.7,547,372.74,2981.92
249,2022-12-12,3541,Home,262.67,25,3,Africa,PayPal,1.5,271,197.0,591.0
250,2023-05-26,3051,Sports,237.01,5,1,Asia,PayPal,1.5,961,225.16,225.16
251,2022-05-27,7809,Home,32.25,30,4,North America,Debit Card,3.5,474,22.58,90.32
252,2022-05-28,9633,Home,152.11,30,9,Asia,UPI,3.7,739,106.48,958.32
253,2023-12-12,9996,Electronics,466.19,15,1,Asia,Credit Card,4.1,537,396.26,396.26
254,2023-05-04,1074,Electronics,201.99,25,2,Asia,Net Banking,3.2,234,151.49,302.98
255,2023-10-02,7981,Electronics,277.88,30,9,North America,Credit Card,3.6,59,194.52,1750.68
256,2023-07-05,6475,Sports,270.69,5,2,South America,Credit Card,1.1,251,257.16,514.32
257,2022-12-04,9232,Sports,299.31,5,3,Oceania,Credit Card,1.6,847,284.34,853.02
258,2023-10-03,8184,Sports,40.05,30,7,North America,PayPal,4.9,86,28.03,196.21
259,2023-04-18,6796,Books,187.47,10,3,South America,Debit Card,1.3,763,168.72,506.16
260,2022-05-31,8141,Home,364.33,25,9,North America,Debit Card,3.7,390,273.25,2459.25
261,2023-02-19,2622,Sports,108.27,5,6,North America,Net Banking,1.7,180,102.86,617.16
262,2022-10-25,9041,Home,109.75,30,3,North America,Net Banking,3.9,719,76.82,230.46
263,2023-09-03,1341,Sports,14.94,5,9,North America,Credit Card,3.8,856,14.19,127.71
264,2022-09-20,3074,Sports,224.37,30,1,South America,Credit Card,1.9,149,157.06,157.06
265,2022-05-24,8992,Electronics,442.54,25,10,North America,PayPal,2.1,583,331.9,3319.0
266,2022-12-12,1645,Electronics,35.43,30,3,Europe,Net Banking,3.6,121,24.8,74.4
267,2023-09-16,5263,Books,103.65,15,1,North America,Debit Card,2.6,765,88.1,88.1
268,2023-07-26,9801,Electronics,161.94,30,2,Europe,UPI,1.8,605,113.36,226.72
269,2022-01-02,7136,Home,368.55,30,8,North America,Credit Card,3.9,256,257.98,2063.84
270,2022-10-31,9646,Sports,323.91,25,7,Asia,PayPal,1.6,766,242.93,1700.51
271,2022-09-11,3969,Fashion,213.81,30,2,North America,UPI,4.4,864,149.67,299.34
272,2023-10-14,4028,Books,381.94,25,2,South America,Debit Card,3.1,800,286.46,572.92
273,2023-03-29,8643,Home,308.72,15,9,South America,Credit Card,1.4,309,262.41,2361.69
274,2022-02-06,3681,Books,449.06,25,6,North America,Net Banking,3.8,59,336.8,2020.8
275,2022-06-09,4629,Fashion,410.83,5,5,South America,UPI,3.1,69,390.29,1951.45
276,2022-01-09,5225,Books,133.88,25,10,North America,Credit Card,2.2,446,100.41,1004.1
277,2022-08-21,4067,Fashion,143.0,15,6,North America,UPI,2.7,388,121.55,729.3
278,2022-04-09,6941,Fashion,71.42,20,9,North America,UPI,2.2,86,57.14,514.26
279,2023-10-21,2386,Electronics,175.11,30,7,Europe,Debit Card,2.1,786,122.58,858.06
280,2022-07-27,3866,Electronics,499.78,25,10,Asia,PayPal,1.7,227,374.84,3748.4
281,2022-05-11,5788,Sports,208.82,30,10,Asia,UPI,2.5,593,146.17,1461.7
282,2023-02-08,6490,Electronics,118.04,10,9,Europe,Net Banking,2.0,626,106.24,956.16
283,2022-06-01,5124,Home,383.62,5,4,Asia,Credit Card,3.7,184,364.44,1457.76
284,2022-02-23,9340,Books,275.81,5,2,North America,Credit Card,3.7,792,262.02,524.04
285,2022-04-30,4850,Fashion,83.3,10,8,Asia,Credit Card,3.0,322,74.97,599.76
286,2023-11-04,6415,Home,196.54,10,4,North America,UPI,4.1,909,176.89,707.56
287,2023-09-20,8679,Books,213.09,25,9,North America,UPI,4.4,318,159.82,1438.38
288,2023-08-10,7819,Electronics,379.38,10,4,North America,PayPal,3.3,566,341.44,1365.76
289,2023-09-17,9378,Electronics,20.13,20,8,North America,PayPal,3.5,399,16.1,128.8
290,2023-02-24,2333,Home,141.82,30,9,Asia,Debit Card,2.1,709,99.27,893.43
291,2023-02-26,5150,Books,263.62,30,9,South America,Net Banking,4.6,899,184.53,1660.77
292,2022-04-14,7766,Fashion,141.73,15,10,North America,Credit Card,1.1,293,120.47,1204.7
293,2022-09-11,3711,Home,317.93,10,4,Asia,PayPal,2.4,293,286.14,1144.56
294,2022-08-15,5853,Books,246.12,10,1,Asia,Debit Card,3.9,485,221.51,221.51
295,2022-04-22,7212,Home,187.24,20,3,South America,UPI,1.3,899,149.79,449.37
296,2023-05-25,8479,Home,475.11,5,9,North America,PayPal,1.7,447,451.35,4062.15
297,2023-04-18,6408,Beauty,319.76,5,4,Europe,UPI,3.4,803,303.77,1215.08
298,2022-04-09,8715,Fashion,73.67,30,5,Africa,Credit Card,3.2,692,51.57,257.85
299,2022-06-02,9942,Sports,284.44,30,7,Asia,Debit Card,4.0,983,199.11,1393.77
300,2022-12-04,2762,Electronics,392.56,25,5,Europe,UPI,4.3,892,294.42,1472.1
301,2023-12-07,8101,Electronics,357.16,20,4,North America,PayPal,1.5,412,285.73,1142.92
302,2022-06-12,8674,Books,94.32,15,2,Europe,Debit Card,1.1,508,80.17,160.34
303,2023-12-21,7122,Home,486.49,15,2,Asia,Net Banking,3.8,734,413.52,827.04
304,2023-11-12,1481,Fashion,229.92,20,4,Asia,Debit Card,2.2,786,183.94,735.76
305,2022-06-10,1153,Electronics,87.92,15,10,North America,Debit Card,3.5,890,74.73,747.3
306,2023-08-03,8617,Books,98.3,5,10,Asia,PayPal,1.6,244,93.38,933.8
307,2023-02-02,2524,Sports,58.14,15,9,Asia,UPI,2.9,420,49.42,444.78
308,2022-10-04,3120,Sports,403.72,15,8,Asia,Net Banking,3.0,929,343.16,2745.28
309,2023-05-19,3343,Home,69.79,20,3,Asia,UPI,3.3,960,55.83,167.49
310,2023-01-27,6136,Fashion,71.31,20,9,South America,Debit Card,3.1,154,57.05,513.45
311,2022-05-15,6760,Fashion,426.73,15,5,Europe,Credit Card,3.0,816,362.72,1813.6
312,2022-07-14,2240,Home,178.86,10,3,South America,Debit Card,2.3,424,160.97,482.91
313,2023-02-05,1060,Electronics,25.12,20,5,North America,Credit Card,1.3,273,20.1,100.5
314,2023-10-02,2639,Fashion,35.43,25,10,North America,PayPal,1.4,936,26.57,265.7
315,2022-02-02,7185,Home,79.66,25,4,Europe,Credit Card,2.7,647,59.74,238.96
316,2023-11-19,8970,Beauty,114.56,5,8,North America,Credit Card,2.4,825,108.83,870.64
317,2023-04-05,2252,Home,335.92,15,5,North America,Credit Card,3.1,520,285.53,1427.65
318,2023-04-15,5203,Home,87.09,10,10,North America,Credit Card,2.2,128,78.38,783.8
319,2023-01-10,9363,Beauty,68.25,5,8,South America,Credit Card,3.8,373,64.84,518.72
320,2022-01-22,4549,Fashion,384.71,15,9,North America,PayPal,4.5,568,327.0,2943.0
321,2023-11-01,5197,Electronics,338.82,20,4,Asia,PayPal,2.2,638,271.06,1084.24
322,2022-02-07,8009,Beauty,223.31,25,7,North America,PayPal,1.8,159,167.48,1172.36
323,2022-08-18,7667,Fashion,279.16,30,2,Africa,PayPal,1.5,571,195.41,390.82
324,2022-12-31,3322,Home,162.87,10,6,Asia,Credit Card,3.5,570,146.58,879.48
325,2023-07-17,5090,Electronics,246.43,30,8,North America,PayPal,2.8,652,172.5,1380.0
326,2023-03-14,7960,Electronics,258.27,25,7,Asia,Credit Card,1.8,176,193.7,1355.9
327,2022-10-10,4004,Home,199.75,30,7,Asia,Credit Card,3.6,927,139.82,978.74
328,2022-01-27,6136,Beauty,454.22,20,8,Asia,UPI,1.6,620,363.38,2907.04
329,2022-08-14,1329,Sports,17.87,15,7,Asia,Credit Card,3.2,211,15.19,106.33
330,2022-10-04,4640,Books,393.26,20,5,Asia,PayPal,3.1,447,314.61,1573.05
331,2023-09-01,8982,Sports,70.95,30,7,Asia,Debit Card,3.9,586,49.66,347.62
332,2022-10-11,5107,Fashion,400.8,20,10,Europe,PayPal,1.2,167,320.64,3206.4
333,2023-04-26,2341,Electronics,311.8,25,3,North America,Debit Card,4.6,460,233.85,701.55
334,2023-03-29,9407,Electronics,423.21,10,5,South America,Credit Card,3.8,916,380.89,1904.45
335,2023-10-21,1338,Electronics,57.78,20,7,Europe,PayPal,1.9,357,46.22,323.54
336,2023-05-31,6895,Electronics,283.9,25,9,Europe,Credit Card,1.7,304,212.92,1916.28
337,2023-07-01,3708,Beauty,255.53,10,2,North America,Debit Card,2.7,233,229.98,459.96
338,2022-07-11,2750,Home,356.03,15,4,Europe,Credit Card,4.3,327,302.63,1210.52
339,2022-02-18,6604,Home,271.8,30,7,Oceania,UPI,4.4,884,190.26,1331.82
340,2023-05-27,3421,Books,274.96,15,1,Europe,UPI,3.1,182,233.72,233.72
341,2022-01-17,8119,Beauty,220.5,5,2,Europe,Debit Card,4.4,634,209.48,418.96
342,2022-06-21,9901,Beauty,161.33,25,9,Asia,Net Banking,1.0,334,121.0,1089.0
343,2022-08-08,6319,Sports,246.31,10,10,South America,PayPal,1.1,715,221.68,2216.8
344,2022-06-07,7609,Books,68.06,20,7,Europe,PayPal,4.6,967,54.45,381.15
345,2023-04-22,6387,Books,481.14,15,10,Europe,PayPal,4.1,29,408.97,4089.7
346,2022-02-15,4993,Fashion,360.06,10,7,Africa,Credit Card,2.8,714,324.05,2268.35
347,2023-01-08,9680,Books,476.71,25,6,Asia,UPI,4.0,93,357.53,2145.18
348,2023-06-02,9044,Electronics,121.1,5,3,North America,Credit Card,4.8,841,115.04,345.12
349,2022-04-09,9238,Beauty,440.88,15,10,North America,Credit Card,4.1,868,374.75,3747.5
350,2022-02-06,5873,Electronics,406.31,30,3,Europe,Net Banking,4.4,688,284.42,853.26
351,2022-10-07,5806,Books,341.8,10,2,North America,UPI,4.0,330,307.62,615.24
352,2022-12-15,9592,Fashion,316.26,30,6,Europe,Debit Card,1.7,723,221.38,1328.28
353,2023-05-12,6913,Books,165.11,10,4,South America,Credit Card,4.3,184,148.6,594.4
354,2022-10-29,8124,Books,410.04,10,5,North America,UPI,1.8,95,369.04,1845.2
355,2022-06-30,4157,Fashion,255.74,25,3,Asia,Credit Card,4.6,785,191.8,575.4
356,2023-08-30,1390,Fashion,44.74,25,6,Europe,Credit Card,2.8,649,33.56,201.36
357,2022-04-09,5430,Sports,163.3,25,3,Asia,Credit Card,3.7,749,122.48,367.44
358,2023-12-01,9820,Beauty,468.3,20,8,Asia,Debit Card,3.0,353,374.64,2997.12
359,2022-04-26,8686,Electronics,426.83,10,9,North America,UPI,1.4,930,384.15,3457.35
360,2022-07-10,5232,Electronics,491.13,15,4,Asia,Credit Card,2.2,941,417.46,1669.84
361,2022-09-10,9007,Sports,317.72,30,9,North America,PayPal,4.9,984,222.4,2001.6
362,2022-06-10,2521,Fashion,131.28,25,7,South America,Credit Card,4.8,265,98.46,689.22
363,2022-09-13,2500,Fashion,89.78,25,3,South America,UPI,2.3,647,67.34,202.02
364,2022-11-19,7737,Sports,101.59,30,7,Europe,Net Banking,5.0,656,71.11,497.77
365,2022-05-08,4294,Books,19.7,30,1,Europe,UPI,4.4,19,13.79,13.79
366,2022-01-18,6085,Home,201.43,10,3,Europe,PayPal,3.4,743,181.29,543.87
367,2023-07-20,3419,Electronics,103.8,25,6,Asia,Net Banking,1.2,646,77.85,467.1
368,2023-07-24,4042,Fashion,211.71,30,4,Europe,Debit Card,4.6,626,148.2,592.8
369,2022-11-19,5497,Fashion,468.15,20,7,Europe,PayPal,3.2,499,374.52,2621.64
370,2023-11-17,2466,Sports,220.96,20,3,Europe,PayPal,4.5,139,176.77,530.31
371,2023-09-18,4561,Books,440.21,25,1,North America,Debit Card,4.3,637,330.16,330.16
372,2022-10-15,1614,Fashion,306.7,30,9,Asia,Credit Card,4.3,716,214.69,1932.21
373,2023-10-25,6392,Home,131.09,10,6,North America,Net Banking,3.8,573,117.98,707.88
374,2023-10-01,8693,Electronics,184.37,10,8,Asia,PayPal,2.2,762,165.93,1327.44
375,2022-06-04,4223,Books,51.12,10,3,North America,Credit Card,2.3,810,46.01,138.03
376,2023-05-05,8138,Sports,173.4,5,8,North America,Debit Card,2.2,525,164.73,1317.84
377,2023-01-21,3667,Electronics,342.0,25,2,Asia,PayPal,1.1,908,256.5,513.0
378,2022-04-14,8980,Sports,45.33,10,4,Oceania,Debit Card,3.3,255,40.8,163.2
379,2023-01-28,1130,Sports,110.65,20,3,Asia,UPI,3.8,85,88.52,265.56
380,2022-09-03,3983,Home,196.91,30,10,North America,PayPal,4.4,458,137.84,1378.4
381,2022-06-25,5278,Electronics,491.2,15,1,North America,UPI,1.6,532,417.52,417.52
382,2022-02-08,8126,Beauty,394.58,15,7,South America,Debit Card,3.2,562,335.39,2347.73
383,2023-04-22,9230,Books,369.41,10,10,Europe,PayPal,1.0,676,332.47,3324.7
384,2023-11-13,8694,Home,66.93,15,2,North America,PayPal,1.4,92,56.89,113.78
385,2023-06-22,7640,Fashion,392.69,15,4,South America,UPI,1.2,600,333.79,1335.16
386,2023-02-12,6468,Fashion,394.78,5,9,South America,Debit Card,3.9,69,375.04,3375.36
387,2023-06-09,1920,Fashion,304.54,20,6,Oceania,Debit Card,1.3,37,243.63,1461.78
388,2023-05-21,8564,Beauty,495.28,20,8,Africa,Net Banking,3.9,765,396.22,3169.76
389,2022-02-05,9684,Beauty,169.37,5,2,South America,Credit Card,2.0,764,160.9,321.8
390,2023-11-16,9502,Fashion,471.22,5,7,North America,Credit Card,4.5,140,447.66,3133.62
391,2022-01-20,9930,Books,458.22,15,6,North America,Debit Card,4.3,867,389.49,2336.94
392,2022-11-17,4241,Home,15.63,25,9,Asia,PayPal,4.8,893,11.72,105.48
393,2023-05-27,1545,Electronics,230.56,30,7,Asia,Credit Card,4.5,680,161.39,1129.73
394,2023-02-04,5346,Books,488.78,30,1,Europe,Credit Card,4.7,566,342.15,342.15
395,2023-10-16,4810,Home,60.53,15,8,Europe,Credit Card,4.4,898,51.45,411.6
396,2023-04-16,8206,Electronics,278.41,30,10,Europe,PayPal,3.8,178,194.89,1948.9
397,2022-05-23,3032,Beauty,489.69,5,3,Asia,Credit Card,1.7,809,465.21,1395.63
398,2022-04-02,9436,Fashion,282.19,20,2,North America,Debit Card,2.1,813,225.75,451.5
399,2022-12-20,1271,Electronics,103.01,30,3,Europe,Debit Card,1.9,871,72.11,216.33
400,2023-12-28,4511,Electronics,295.27,15,6,Asia,PayPal,3.4,618,250.98,1505.88
401,2022-02-20,2771,Sports,110.18,25,3,Asia,Debit Card,3.0,137,82.64,247.92
402,2023-10-27,5361,Electronics,264.66,15,10,North America,Credit Card,4.5,190,224.96,2249.6
403,2023-11-29,8069,Home,46.28,10,5,Asia,Debit Card,4.8,640,41.65,208.25
404,2023-07-29,1920,Fashion,306.69,15,6,Asia,Net Banking,2.6,342,260.69,1564.14
405,2022-07-09,9190,Sports,263.23,5,8,Europe,UPI,3.0,559,250.07,2000.56
406,2022-05-05,4430,Electronics,372.68,20,7,North America,Net Banking,4.9,5,298.14,2086.98
407,2022-05-30,5435,Books,319.04,20,8,Europe,PayPal,2.1,972,255.23,2041.84
408,2022-11-10,4760,Home,279.31,30,3,Europe,Credit Card,4.2,257,195.52,586.56
409,2023-07-24,3050,Fashion,347.99,5,4,Africa,UPI,1.9,812,330.59,1322.36
410,2022-12-08,2165,Books,80.53,10,6,North America,Credit Card,3.7,662,72.48,434.88
411,2022-11-01,9567,Sports,301.73,5,7,Asia,UPI,2.0,806,286.64,2006.48
412,2023-11-23,3033,Electronics,94.33,15,9,North America,Credit Card,4.5,243,80.18,721.62
413,2023-11-13,7467,Home,463.51,5,1,Europe,Credit Card,3.2,787,440.33,440.33
414,2022-02-23,1145,Fashion,43.48,5,8,Asia,Net Banking,1.7,720,41.31,330.48
415,2023-03-20,5388,Sports,220.88,10,8,Europe,Credit Card,1.9,415,198.79,1590.32
416,2023-09-05,8832,Books,350.94,15,6,Europe,PayPal,3.0,627,298.3,1789.8
417,2022-09-21,9623,Electronics,234.43,25,4,North America,Credit Card,4.8,707,175.82,703.28
418,2022-02-22,9896,Beauty,55.13,25,3,Europe,Credit Card,4.1,343,41.35,124.05
419,2023-07-26,9173,Sports,281.16,20,3,Asia,PayPal,3.0,682,224.93,674.79
420,2023-09-12,3632,Electronics,324.4,30,6,Europe,UPI,2.4,379,227.08,1362.48
421,2022-01-05,5494,Fashion,354.86,5,8,South America,PayPal,3.2,594,337.12,2696.96
422,2022-04-13,9056,Sports,192.9,20,7,Asia,Credit Card,4.0,666,154.32,1080.24
423,2022-07-15,8511,Electronics,286.19,10,1,Europe,Debit Card,4.1,653,257.57,257.57
424,2022-12-16,2828,Sports,230.84,25,6,North America,PayPal,2.3,826,173.13,1038.78
425,2022-02-16,5805,Sports,339.31,5,7,Europe,UPI,3.9,146,322.34,2256.38
426,2023-10-18,1806,Books,295.94,10,7,Asia,Debit Card,3.6,323,266.35,1864.45
427,2022-09-26,8486,Books,267.62,30,9,Europe,Net Banking,4.8,122,187.33,1685.97
428,2023-01-05,9202,Home,132.27,10,10,South America,UPI,4.7,252,119.04,1190.4
429,2023-09-28,2868,Fashion,10.99,5,5,Europe,Net Banking,4.2,855,10.44,52.2
430,2022-04-16,8878,Fashion,95.3,30,1,South America,PayPal,3.9,899,66.71,66.71
431,2023-11-01,6690,Beauty,67.36,10,2,North America,PayPal,2.1,311,60.62,121.24
432,2023-10-21,8827,Electronics,230.05,30,4,South America,Credit Card,4.4,601,161.04,644.16
433,2023-10-19,6429,Sports,310.01,5,5,Europe,Debit Card,2.7,475,294.51,1472.55
434,2022-04-30,4564,Electronics,114.41,5,9,Europe,PayPal,2.1,570,108.69,978.21
435,2023-08-27,2389,Electronics,470.14,30,1,Europe,Credit Card,2.5,492,329.1,329.1
436,2022-02-27,8274,Books,13.27,15,3,Europe,Credit Card,4.3,575,11.28,33.84
437,2022-12-12,1824,Fashion,388.43,20,5,Oceania,Credit Card,1.6,347,310.74,1553.7
438,2023-04-19,3265,Fashion,316.35,10,3,North America,Credit Card,2.8,820,284.72,854.16
439,2022-04-27,1936,Electronics,193.04,10,4,North America,Net Banking,3.0,487,173.74,694.96
440,2022-05-07,7402,Sports,34.74,15,3,Asia,PayPal,1.1,473,29.53,88.59
441,2023-01-28,4845,Electronics,317.47,15,4,Europe,Debit Card,1.8,382,269.85,1079.4
442,2023-10-03,2796,Electronics,198.95,15,1,Asia,Credit Card,4.3,280,169.11,169.11
443,2022-02-27,9245,Electronics,468.77,25,8,Asia,PayPal,4.3,72,351.58,2812.64
444,2023-09-26,8214,Books,275.58,25,4,Europe,UPI,2.2,521,206.68,826.72
445,2023-05-28,1726,Electronics,470.43,30,7,Africa,Net Banking,4.5,366,329.3,2305.1
446,2022-04-06,3736,Fashion,118.04,25,2,Europe,UPI,4.1,933,88.53,177.06
447,2023-09-30,2913,Fashion,365.61,5,2,North America,Credit Card,2.7,94,347.33,694.66
448,2022-04-28,8657,Books,312.45,30,6,Asia,Debit Card,4.0,373,218.71,1312.26
449,2023-07-14,3466,Electronics,372.31,10,2,Asia,Net Banking,4.8,339,335.08,670.16
450,2023-08-24,8312,Sports,115.19,20,6,Europe,UPI,2.8,437,92.15,552.9
451,2023-05-03,9194,Fashion,335.85,5,2,Asia,UPI,2.0,336,319.06,638.12
452,2022-08-25,8906,Fashion,254.04,10,4,North America,Credit Card,4.8,664,228.64,914.56
453,2022-09-29,5876,Home,373.98,10,7,Europe,PayPal,3.4,492,336.58,2356.06
454,2022-07-08,8287,Fashion,170.25,30,8,South America,PayPal,1.4,917,119.18,953.44
455,2023-12-05,1892,Sports,446.13,15,3,North America,Credit Card,3.3,868,379.21,1137.63
456,2023-03-23,5675,Electronics,51.31,15,9,Europe,Debit Card,3.0,40,43.61,392.49
457,2023-08-04,2933,Electronics,405.52,5,2,South America,Credit Card,4.4,359,385.24,770.48
458,2022-09-04,2380,Electronics,432.05,15,8,Oceania,Credit Card,3.1,574,367.24,2937.92
459,2022-03-17,2290,Fashion,410.45,10,8,Europe,Credit Card,2.0,254,369.4,2955.2
460,2022-06-03,2640,Home,261.24,15,4,Asia,Credit Card,3.7,966,222.05,888.2
461,2023-10-18,8490,Electronics,224.81,25,1,Asia,UPI,3.2,581,168.61,168.61
462,2023-03-11,2218,Sports,498.17,15,1,Africa,Credit Card,1.9,398,423.44,423.44
463,2022-03-27,6016,Fashion,122.29,10,2,South America,Credit Card,3.3,757,110.06,220.12
464,2023-11-28,7881,Electronics,277.97,30,9,North America,PayPal,4.3,877,194.58,1751.22
465,2022-10-12,1954,Electronics,338.63,5,2,Europe,UPI,1.1,170,321.7,643.4
466,2022-08-08,8291,Books,353.43,20,2,Europe,UPI,3.5,690,282.74,565.48
467,2022-03-10,1974,Electronics,109.97,15,6,Asia,Debit Card,2.4,701,93.47,560.82
468,2022-02-16,5133,Home,330.46,10,7,Asia,UPI,2.2,511,297.41,2081.87
469,2022-04-04,6370,Sports,411.0,20,7,Asia,Credit Card,2.6,260,328.8,2301.6
470,2023-03-29,4972,Fashion,34.51,20,9,Oceania,PayPal,2.4,584,27.61,248.49
471,2022-07-23,6295,Sports,456.65,25,6,North America,Credit Card,4.3,984,342.49,2054.94
472,2022-08-06,9228,Beauty,24.46,20,8,North America,UPI,2.1,459,19.57,156.56
473,2023-04-19,4020,Sports,184.43,30,6,Europe,Credit Card,3.9,529,129.1,774.6
474,2023-03-08,9987,Books,17.75,10,2,Europe,PayPal,1.4,882,15.98,31.96
475,2022-12-07,5036,Home,47.8,10,1,North America,Debit Card,4.8,341,43.02,43.02
476,2023-07-05,6068,Fashion,456.47,15,5,North America,Debit Card,3.5,57,388.0,1940.0
477,2023-09-04,6233,Beauty,183.88,15,9,Asia,Credit Card,3.8,218,156.3,1406.7
478,2022-10-16,1317,Electronics,218.14,15,8,South America,UPI,2.2,619,185.42,1483.36
479,2022-09-11,3396,Books,115.52,30,4,Asia,Net Banking,2.6,816,80.86,323.44
480,2022-12-23,3162,Home,302.58,20,5,Asia,PayPal,1.9,940,242.06,1210.3
481,2022-01-23,3745,Fashion,301.45,20,5,Europe,Credit Card,4.7,685,241.16,1205.8
482,2023-06-06,2591,Beauty,192.38,25,6,Asia,Debit Card,3.0,731,144.28,865.68
483,2022-04-10,7183,Beauty,173.19,30,3,Asia,Net Banking,3.5,464,121.23,363.69
484,2022-06-29,4930,Home,443.63,15,5,Asia,Debit Card,3.9,247,377.09,1885.45
485,2022-08-11,2312,Books,197.81,5,2,North America,UPI,2.5,730,187.92,375.84
486,2023-10-21,5311,Home,251.82,25,10,North America,Net Banking,3.9,373,188.86,1888.6
487,2023-03-18,8314,Books,148.82,5,1,North America,PayPal,3.7,417,141.38,141.38
488,2023-08-31,3383,Books,395.52,20,1,Asia,Debit Card,3.8,31,316.42,316.42
489,2022-11-21,4239,Sports,204.75,25,10,South America,Debit Card,3.0,368,153.56,1535.6
490,2023-05-31,3139,Fashion,261.67,25,7,South America,Credit Card,2.5,559,196.25,1373.75
491,2022-01-16,2704,Electronics,134.15,10,2,Europe,PayPal,1.9,646,120.74,241.48
492,2022-12-02,7924,Beauty,493.95,20,4,Asia,Credit Card,4.3,108,395.16,1580.64
493,2022-09-15,1362,Fashion,152.83,20,5,Africa,Credit Card,3.4,584,122.26,611.3
494,2023-05-12,3604,Fashion,387.66,30,7,Europe,Debit Card,2.8,839,271.36,1899.52
495,2022-06-09,5286,Beauty,219.47,25,2,Europe,Credit Card,4.8,418,164.6,329.2
496,2023-04-20,4738,Books,111.05,20,6,Africa,UPI,1.2,620,88.84,533.04
497,2023-10-26,3469,Sports,401.86,25,1,Europe,UPI,4.4,821,301.4,301.4
498,2023-11-21,5795,Beauty,173.47,30,7,Africa,Debit Card,5.0,398,121.43,850.01
499,2023-11-06,7150,Beauty,433.94,30,9,Oceania,Debit Card,4.5,272,303.76,2733.84
500,2023-01-15,1556,Home,458.48,10,5,Asia,Net Banking,4.2,683,412.63,2063.15
501,2023-06-29,3808,Fashion,431.31,25,5,South America,Credit Card,2.5,116,323.48,1617.4
502,2023-11-22,6150,Fashion,27.15,20,4,Asia,PayPal,1.9,841,21.72,86.88
503,2023-03-03,8561,Sports,395.81,20,3,Asia,Net Banking,3.9,586,316.65,949.95
504,2023-09-05,3719,Sports,211.56,25,9,Europe,Debit Card,2.2,256,158.67,1428.03
505,2022-09-25,7506,Electronics,438.12,25,5,North America,UPI,1.7,81,328.59,1642.95
506,2023-07-31,4741,Fashion,322.6,25,8,Europe,Net Banking,4.1,780,241.95,1935.6
507,2023-02-21,4998,Books,418.49,15,9,Asia,Credit Card,2.3,128,355.72,3201.48
508,2022-06-17,3403,Books,254.72,20,5,North America,Debit Card,4.7,838,203.78,1018.9
509,2022-02-12,9780,Home,272.16,30,10,North America,Debit Card,4.4,915,190.51,1905.1
510,2023-07-10,1294,Electronics,80.75,20,9,North America,Credit Card,4.4,235,64.6,581.4
511,2022-10-12,6343,Beauty,394.15,15,2,Asia,PayPal,4.1,553,335.03,670.06
512,2023-02-01,2136,Home,215.5,25,9,Oceania,PayPal,4.5,181,161.62,1454.58
513,2022-01-12,3064,Fashion,255.04,10,4,Oceania,PayPal,4.2,157,229.54,918.16
514,2023-08-30,8009,Home,394.7,25,6,Europe,Credit Card,3.4,454,296.02,1776.12
515,2022-10-29,5543,Electronics,303.43,25,6,South America,Credit Card,2.2,571,227.57,1365.42
516,2022-09-10,2007,Electronics,108.54,15,6,Asia,UPI,4.6,857,92.26,553.56
517,2023-05-14,6445,Home,299.21,20,2,Asia,Credit Card,4.4,761,239.37,478.74
518,2022-02-04,6352,Sports,209.74,25,7,Asia,UPI,2.9,704,157.3,1101.1
519,2023-12-28,2435,Sports,240.07,20,6,North America,Debit Card,1.2,24,192.06,1152.36
520,2022-03-31,1571,Fashion,23.87,5,1,Africa,UPI,3.6,473,22.68,22.68
521,2023-08-28,3382,Books,112.91,30,2,Europe,UPI,1.2,400,79.04,158.08
522,2023-08-25,6084,Home,147.71,20,7,Europe,Debit Card,4.7,948,118.17,827.19
523,2023-02-22,1277,Books,359.35,10,1,Asia,Credit Card,4.8,592,323.42,323.42
524,2022-04-25,8059,Fashion,15.63,30,1,Europe,Credit Card,1.8,134,10.94,10.94
525,2023-09-09,2887,Books,210.3,10,1,Europe,Debit Card,3.7,421,189.27,189.27
526,2022-07-15,2265,Home,462.77,25,8,Asia,UPI,1.4,213,347.08,2776.64
527,2023-05-16,8491,Fashion,64.82,30,4,North America,PayPal,3.9,900,45.37,181.48
528,2023-09-18,2040,Home,263.05,20,4,Asia,PayPal,2.4,482,210.44,841.76
529,2023-05-08,9073,Beauty,395.4,30,2,Asia,Net Banking,3.7,348,276.78,553.56
530,2022-03-16,3752,Books,471.84,25,1,Asia,Credit Card,2.5,166,353.88,353.88
531,2023-02-17,9213,Books,375.92,15,10,Asia,Credit Card,1.6,937,319.53,3195.3
532,2023-01-11,5569,Fashion,363.08,10,9,Asia,Credit Card,2.6,348,326.77,2940.93
533,2023-02-24,7353,Sports,414.98,25,7,Asia,PayPal,1.5,849,311.24,2178.68
534,2023-12-30,3353,Fashion,228.64,15,4,Asia,Debit Card,3.3,398,194.34,777.36
535,2022-10-04,8437,Electronics,404.86,30,6,Asia,PayPal,1.2,583,283.4,1700.4
536,2023-11-07,5799,Books,13.9,30,2,Asia,Debit Card,3.1,726,9.73,19.46
537,2023-01-29,1686,Sports,463.03,25,7,South America,Net Banking,4.5,435,347.27,2430.89
538,2023-04-02,9476,Electronics,227.22,20,2,North America,Net Banking,4.4,577,181.78,363.56
539,2022-07-11,5811,Sports,281.16,30,10,Europe,Credit Card,4.5,221,196.81,1968.1
540,2023-11-20,9954,Beauty,134.89,20,8,Africa,Debit Card,4.7,308,107.91,863.28
541,2022-04-09,6346,Fashion,373.84,20,8,Europe,UPI,1.4,991,299.07,2392.56
542,2023-07-02,6043,Sports,47.55,20,1,North America,Credit Card,1.5,798,38.04,38.04
543,2022-04-06,3428,Books,437.59,5,8,Asia,Debit Card,3.2,697,415.71,3325.68
544,2023-10-26,6126,Sports,415.78,15,2,North America,UPI,4.6,719,353.41,706.82
545,2023-10-25,9220,Home,115.87,15,6,North America,Credit Card,4.9,466,98.49,590.94
546,2022-07-09,8813,Sports,406.57,30,1,Oceania,UPI,1.2,99,284.6,284.6
547,2022-02-06,4356,Books,395.32,30,5,Asia,UPI,2.4,242,276.72,1383.6
548,2023-01-04,9707,Fashion,319.79,20,7,Europe,Credit Card,1.9,158,255.83,1790.81
549,2023-11-26,8266,Electronics,193.02,5,10,Oceania,Debit Card,4.0,610,183.37,1833.7
550,2023-06-09,7540,Electronics,143.03,20,1,Oceania,Credit Card,3.6,554,114.42,114.42
551,2022-10-06,1038,Fashion,123.57,5,2,Europe,PayPal,1.5,651,117.39,234.78
552,2022-08-05,4342,Electronics,166.12,20,7,Europe,Credit Card,2.9,795,132.9,930.3
553,2022-09-30,3844,Books,452.74,10,6,South America,PayPal,3.7,920,407.47,2444.82
554,2022-03-03,2098,Electronics,48.04,10,3,Asia,Debit Card,4.1,227,43.24,129.72
555,2023-08-19,8027,Sports,416.15,25,10,Asia,Credit Card,1.1,423,312.11,3121.1
556,2023-12-30,2823,Electronics,180.96,20,2,South America,Debit Card,4.6,72,144.77,289.54
557,2022-12-08,4155,Books,265.58,30,10,Asia,Debit Card,3.3,243,185.91,1859.1
558,2023-02-01,4093,Electronics,399.3,15,4,Europe,Debit Card,4.2,530,339.4,1357.6
559,2023-11-30,6658,Books,443.34,25,3,Asia,UPI,4.2,589,332.5,997.5
560,2022-01-19,4778,Beauty,178.94,30,7,Europe,Debit Card,1.8,45,125.26,876.82
561,2022-06-26,3896,Books,236.3,10,8,Asia,Credit Card,1.4,472,212.67,1701.36
562,2023-09-04,1988,Home,213.11,20,2,Asia,Credit Card,3.9,371,170.49,340.98
563,2023-01-31,5116,Beauty,16.49,25,10,North America,PayPal,1.6,855,12.37,123.7
564,2023-03-21,7446,Sports,155.01,20,7,Asia,UPI,4.4,652,124.01,868.07
565,2022-08-21,5179,Home,235.0,10,8,Europe,Debit Card,3.9,689,211.5,1692.0
566,2022-03-17,2682,Sports,211.44,25,6,Europe,PayPal,4.4,734,158.58,951.48
567,2022-09-22,6626,Beauty,363.75,10,6,Asia,Debit Card,2.2,927,327.38,1964.28
568,2023-03-31,8424,Home,198.55,5,10,Europe,PayPal,2.3,92,188.62,1886.2
569,2023-12-19,1933,Electronics,249.79,10,1,Asia,Credit Card,3.7,22,224.81,224.81
570,2023-01-19,4598,Home,220.51,20,4,North America,Credit Card,1.1,172,176.41,705.64
571,2023-07-18,2980,Electronics,372.91,15,1,Asia,Net Banking,3.9,604,316.97,316.97
572,2023-05-21,4056,Home,432.86,10,4,South America,Debit Card,4.3,192,389.57,1558.28
573,2023-01-02,9984,Electronics,270.63,30,2,Asia,PayPal,2.7,77,189.44,378.88
574,2022-05-24,1791,Fashion,396.82,15,5,Europe,Credit Card,4.1,281,337.3,1686.5
575,2022-03-10,6390,Books,155.43,5,10,Oceania,UPI,1.7,364,147.66,1476.6
576,2022-04-09,7635,Books,275.27,25,9,Europe,PayPal,2.3,179,206.45,1858.05
577,2023-01-31,3255,Fashion,179.16,25,10,North America,Credit Card,4.9,238,134.37,1343.7
578,2022-01-25,4610,Books,212.96,15,3,Europe,PayPal,4.9,135,181.02,543.06
579,2023-04-14,2607,Electronics,368.88,25,8,North America,UPI,3.1,877,276.66,2213.28
580,2023-04-29,6179,Fashion,442.01,10,3,Oceania,UPI,4.7,902,397.81,1193.43
581,2023-07-19,7573,Sports,69.53,15,6,North America,Debit Card,3.1,280,59.1,354.6
582,2022-05-31,1984,Books,320.97,20,4,Asia,PayPal,2.2,19,256.78,1027.12
583,2022-05-24,6776,Fashion,295.25,10,8,Asia,Credit Card,2.1,595,265.73,2125.84
584,2023-07-23,4676,Home,68.02,10,6,North America,Credit Card,4.7,740,61.22,367.32
585,2022-02-08,4380,Electronics,113.83,10,8,Asia,PayPal,1.7,371,102.45,819.6
586,2022-04-19,9711,Books,162.39,20,1,North America,PayPal,3.3,777,129.91,129.91
587,2023-11-24,9782,Sports,91.8,5,6,Europe,Credit Card,3.2,112,87.21,523.26
588,2022-02-11,2050,Sports,129.43,30,1,North America,Debit Card,4.0,763,90.6,90.6
589,2022-07-05,4633,Fashion,141.12,25,1,Africa,Debit Card,3.0,676,105.84,105.84
590,2023-02-02,7342,Fashion,174.48,15,8,Oceania,Debit Card,2.1,870,148.31,1186.48
591,2022-08-11,1959,Beauty,377.2,5,7,North America,Credit Card,1.7,680,358.34,2508.38
592,2023-09-26,7059,Home,290.24,15,3,North America,UPI,3.5,221,246.7,740.1
593,2022-05-13,9884,Electronics,493.26,25,6,Asia,Credit Card,3.9,920,369.94,2219.64
594,2022-06-12,6655,Sports,213.22,20,9,Europe,PayPal,3.3,304,170.58,1535.22
595,2022-08-03,5473,Fashion,379.39,10,7,South America,PayPal,4.0,703,341.45,2390.15
596,2022-08-23,3946,Electronics,437.02,10,3,Asia,Debit Card,1.6,325,393.32,1179.96
597,2023-10-20,8725,Fashion,342.7,20,6,Europe,Credit Card,4.5,437,274.16,1644.96
598,2023-08-11,1526,Sports,211.81,5,4,South America,Credit Card,3.3,438,201.22,804.88
599,2022-01-09,4224,Electronics,379.26,5,3,Europe,Debit Card,1.5,170,360.3,1080.9
600,2022-03-15,2875,Home,109.8,15,9,Africa,PayPal,2.8,375,93.33,839.97
601,2023-05-07,2763,Fashion,170.5,20,10,Africa,Debit Card,4.4,557,136.4,1364.0
602,2022-09-10,9712,Fashion,277.88,5,2,North America,UPI,4.6,381,263.99,527.98
603,2022-08-18,6797,Electronics,291.95,20,1,North America,Debit Card,2.1,986,233.56,233.56
604,2023-06-03,8099,Home,20.85,25,2,Oceania,Credit Card,3.8,14,15.64,31.28
605,2022-06-23,6109,Electronics,473.11,10,7,Africa,Credit Card,1.4,743,425.8,2980.6
606,2023-10-15,7644,Books,351.35,10,10,North America,Credit Card,1.1,669,316.22,3162.2
607,2022-06-17,1116,Sports,252.89,10,1,South America,Credit Card,3.2,500,227.6,227.6
608,2022-06-19,3433,Books,467.23,20,6,Europe,Debit Card,3.8,646,373.78,2242.68
609,2023-01-28,6463,Beauty,225.16,20,7,Europe,PayPal,4.2,391,180.13,1260.91
610,2023-09-26,1583,Books,490.41,15,9,South America,PayPal,2.4,549,416.85,3751.65
611,2022-07-13,9586,Home,261.02,10,8,North America,Credit Card,1.0,565,234.92,1879.36
612,2023-06-01,4788,Books,66.0,15,6,Africa,Credit Card,2.9,530,56.1,336.6
613,2022-01-29,5167,Beauty,384.75,10,3,North America,Credit Card,1.1,983,346.28,1038.84
614,2022-06-14,9465,Electronics,342.66,15,8,Asia,Credit Card,1.4,492,291.26,2330.08
615,2023-02-26,2389,Books,388.76,15,7,North America,Debit Card,2.3,550,330.45,2313.15
616,2022-12-05,9357,Fashion,476.21,25,3,Asia,Debit Card,2.7,699,357.16,1071.48
617,2023-10-10,7154,Fashion,390.48,15,9,Asia,Credit Card,2.1,385,331.91,2987.19
618,2023-05-11,6420,Fashion,309.55,20,2,North America,Credit Card,3.3,196,247.64,495.28
619,2022-12-31,9920,Beauty,430.08,15,3,Asia,Credit Card,1.2,755,365.57,1096.71
620,2022-12-08,3043,Electronics,339.89,10,2,Europe,Credit Card,1.6,300,305.9,611.8
621,2023-05-15,5197,Sports,209.98,15,1,North America,PayPal,3.8,815,178.48,178.48
622,2023-10-19,4496,Home,443.95,5,4,South America,Credit Card,1.6,547,421.75,1687.0
623,2023-05-26,1778,Home,118.73,30,5,Europe,Debit Card,3.6,727,83.11,415.55
624,2022-11-23,1213,Books,360.17,10,6,Asia,UPI,1.2,731,324.15,1944.9
625,2022-08-05,4762,Fashion,441.97,5,5,Asia,PayPal,2.6,828,419.87,2099.35
626,2022-10-28,7731,Sports,368.35,10,1,Asia,PayPal,1.7,602,331.52,331.52
627,2022-05-12,4117,Beauty,351.66,20,3,North America,PayPal,1.4,308,281.33,843.99
628,2022-03-11,6791,Fashion,378.79,30,1,Europe,Credit Card,3.3,252,265.15,265.15
629,2022-09-09,9783,Fashion,237.88,30,5,Europe,UPI,4.7,8,166.52,832.6
630,2023-02-19,3720,Electronics,438.34,20,5,Asia,PayPal,1.2,768,350.67,1753.35
631,2023-03-21,9905,Beauty,109.68,30,6,South America,Credit Card,2.7,875,76.78,460.68
632,2022-07-01,7047,Fashion,72.42,20,8,Asia,Debit Card,3.8,208,57.94,463.52
633,2022-06-16,9032,Electronics,149.9,5,10,North America,PayPal,2.9,937,142.4,1424.0
634,2022-04-01,1001,Sports,270.47,25,1,North America,Debit Card,4.2,131,202.85,202.85
635,2023-12-15,7368,Books,260.18,10,4,North America,Credit Card,1.7,736,234.16,936.64
636,2023-06-15,2949,Books,412.09,20,10,North America,Credit Card,4.8,709,329.67,3296.7
637,2022-02-08,7732,Home,208.24,10,1,Europe,Debit Card,2.5,980,187.42,187.42
638,2022-05-06,8833,Beauty,247.33,5,9,North America,Credit Card,2.4,654,234.96,2114.64
639,2023-03-27,1917,Fashion,16.55,25,7,North America,UPI,4.5,764,12.41,86.87
640,2022-06-22,4174,Electronics,210.77,5,7,North America,PayPal,3.3,608,200.23,1401.61
641,2023-10-15,8014,Electronics,327.41,30,5,North America,Credit Card,3.1,26,229.19,1145.95
642,2022-08-08,1089,Electronics,17.6,10,7,North America,PayPal,3.9,623,15.84,110.88
643,2023-09-30,2709,Home,147.63,25,2,North America,Debit Card,3.3,454,110.72,221.44
644,2022-02-27,4041,Electronics,111.9,30,4,Europe,Credit Card,1.7,635,78.33,313.32
645,2023-10-22,1105,Electronics,30.57,25,7,Asia,PayPal,3.7,186,22.93,160.51
646,2023-04-21,9619,Electronics,244.84,30,3,North America,PayPal,1.5,484,171.39,514.17
647,2023-04-01,2895,Electronics,99.04,5,2,Europe,UPI,4.2,680,94.09,188.18
648,2022-12-27,7090,Electronics,374.11,20,10,Europe,PayPal,5.0,51,299.29,2992.9
649,2022-01-01,9508,Sports,425.48,10,2,North America,PayPal,2.5,891,382.93,765.86
650,2023-01-22,7082,Books,277.34,15,1,North America,PayPal,2.8,5,235.74,235.74
651,2022-12-14,1634,Sports,491.04,15,5,Europe,Debit Card,1.2,589,417.38,2086.9
652,2022-07-09,2925,Sports,230.73,5,6,Asia,PayPal,1.1,160,219.19,1315.14
653,2023-05-20,3056,Fashion,261.55,10,6,North America,Net Banking,4.7,208,235.4,1412.4
654,2022-07-10,7917,Electronics,494.72,10,9,North America,PayPal,1.5,257,445.25,4007.25
655,2023-05-23,4144,Electronics,123.46,5,4,South America,Credit Card,2.8,205,117.29,469.16
656,2023-01-04,1552,Fashion,471.85,10,1,Europe,Debit Card,4.3,767,424.66,424.66
657,2023-02-13,9907,Electronics,30.99,20,6,North America,UPI,4.6,950,24.79,148.74
658,2022-04-27,6383,Books,228.73,5,5,South America,Credit Card,3.1,11,217.29,1086.45
659,2022-05-14,4911,Fashion,44.3,20,10,South America,Net Banking,3.3,949,35.44,354.4
660,2022-02-27,4389,Sports,367.33,10,6,Europe,Credit Card,3.7,8,330.6,1983.6
661,2023-07-10,9442,Fashion,308.12,5,3,Europe,Credit Card,4.8,409,292.71,878.13
662,2023-11-16,3430,Sports,356.25,10,2,North America,Net Banking,3.4,936,320.62,641.24
663,2023-11-03,1458,Electronics,193.5,5,6,North America,Debit Card,3.2,32,183.82,1102.92
664,2022-06-22,1207,Sports,191.05,10,1,Asia,Credit Card,1.1,984,171.95,171.95
665,2022-05-29,1899,Electronics,32.21,20,7,North America,UPI,1.3,540,25.77,180.39
666,2022-03-21,1021,Books,181.47,20,7,Europe,UPI,3.3,718,145.18,1016.26
667,2022-08-01,9601,Home,465.35,10,10,Africa,Credit Card,4.7,387,418.82,4188.2
668,2022-07-22,1894,Books,195.82,5,7,Oceania,Net Banking,4.5,228,186.03,1302.21
669,2022-08-17,1514,Electronics,417.37,15,10,North America,Debit Card,4.9,640,354.76,3547.6
670,2023-11-07,8294,Beauty,422.74,20,1,Asia,UPI,3.1,767,338.19,338.19
671,2022-08-15,5904,Fashion,192.89,20,4,Europe,Debit Card,4.2,475,154.31,617.24
672,2023-10-21,8867,Electronics,319.67,30,7,South America,UPI,4.4,724,223.77,1566.39
673,2023-06-16,5109,Home,56.73,15,9,Europe,Credit Card,3.6,751,48.22,433.98
674,2023-03-17,8179,Sports,60.8,10,5,North America,Credit Card,2.4,207,54.72,273.6
675,2023-02-06,2560,Home,33.84,5,2,North America,Debit Card,2.9,318,32.15,64.3
676,2022-02-16,2266,Fashion,294.7,30,7,Europe,PayPal,4.4,795,206.29,1444.03
677,2022-08-21,4638,Home,218.77,10,10,Europe,Credit Card,2.2,757,196.89,1968.9
678,2022-11-01,9941,Fashion,278.54,25,1,Asia,UPI,4.7,557,208.91,208.91
679,2023-06-10,4427,Home,265.33,20,7,Asia,PayPal,1.9,617,212.26,1485.82
680,2022-05-23,5780,Beauty,181.6,25,6,Europe,Credit Card,4.0,348,136.2,817.2
681,2023-02-19,2927,Home,341.96,20,7,Europe,Credit Card,3.5,793,273.57,1914.99
682,2023-05-28,3356,Sports,381.67,20,10,North America,Credit Card,4.0,234,305.34,3053.4
683,2023-01-08,5790,Books,17.17,25,3,South America,UPI,2.7,701,12.88,38.64
684,2023-07-20,1306,Home,111.55,25,3,Africa,Credit Card,4.7,44,83.66,250.98
685,2022-09-16,8979,Sports,359.49,10,7,Oceania,Debit Card,3.5,737,323.54,2264.78
686,2023-10-18,4665,Books,199.44,30,2,South America,UPI,2.2,942,139.61,279.22
687,2023-04-16,8057,Sports,334.62,30,1,North America,UPI,3.6,142,234.23,234.23
688,2022-01-12,1661,Fashion,180.01,25,9,North America,Credit Card,2.1,648,135.01,1215.09
689,2022-11-26,5644,Home,201.47,10,9,Asia,Debit Card,2.2,176,181.32,1631.88
690,2022-12-24,9503,Sports,87.75,30,7,Africa,PayPal,2.6,654,61.42,429.94
691,2023-02-12,3920,Home,136.53,10,7,North America,Net Banking,4.4,449,122.88,860.16
692,2023-10-30,9946,Books,306.65,10,3,North America,PayPal,3.0,592,275.98,827.94
693,2023-01-08,7236,Electronics,222.25,20,10,South America,UPI,3.7,82,177.8,1778.0
694,2022-01-08,7078,Electronics,389.41,30,2,North America,Debit Card,2.6,135,272.59,545.18
695,2022-05-02,1352,Beauty,427.77,30,7,Europe,Credit Card,2.1,719,299.44,2096.08
696,2022-12-14,8005,Electronics,275.41,20,9,Asia,Credit Card,4.8,856,220.33,1982.97
697,2023-11-07,1158,Fashion,381.55,25,1,North America,Credit Card,3.4,177,286.16,286.16
698,2022-03-31,1956,Home,160.38,20,4,North America,UPI,4.7,383,128.3,513.2
699,2023-10-10,3071,Electronics,213.34,30,6,Asia,Credit Card,1.8,243,149.34,896.04
700,2023-11-29,9595,Home,359.26,30,7,Asia,Credit Card,1.6,567,251.48,1760.36
701,2022-11-12,4453,Home,199.24,25,10,Oceania,Net Banking,4.4,141,149.43,1494.3
702,2022-06-27,7675,Sports,298.37,20,7,Europe,Credit Card,3.7,457,238.7,1670.9
703,2023-06-24,1955,Electronics,100.83,5,10,North America,Credit Card,1.7,440,95.79,957.9
704,2022-02-10,7295,Electronics,303.89,5,2,Asia,Credit Card,2.1,56,288.7,577.4
705,2023-12-05,2712,Books,432.14,25,4,Asia,UPI,4.2,527,324.1,1296.4
706,2023-05-17,5703,Books,435.63,20,5,North America,UPI,2.8,697,348.5,1742.5
707,2022-05-25,7563,Fashion,364.93,20,1,Asia,Debit Card,3.7,826,291.94,291.94
708,2022-07-20,6631,Fashion,375.42,10,1,North America,Debit Card,2.3,419,337.88,337.88
709,2023-12-25,2394,Home,283.38,30,10,Europe,PayPal,2.5,88,198.37,1983.7
710,2023-04-06,5732,Home,296.49,15,3,North America,PayPal,5.0,609,252.02,756.06
711,2023-07-12,4714,Electronics,75.49,25,10,Europe,Net Banking,2.0,656,56.62,566.2
712,2023-07-01,1529,Sports,227.49,15,3,Europe,PayPal,3.0,8,193.37,580.11
713,2022-09-10,3958,Beauty,230.88,15,8,Asia,UPI,4.4,477,196.25,1570.0
714,2023-01-25,8904,Sports,479.66,25,9,Asia,Credit Card,2.0,215,359.74,3237.66
715,2023-08-17,4591,Home,221.23,20,1,Africa,Credit Card,2.7,685,176.98,176.98
716,2022-09-13,7895,Electronics,279.18,25,2,North America,Credit Card,3.5,735,209.38,418.76
717,2023-12-10,1525,Electronics,271.29,15,10,North America,UPI,2.9,552,230.6,2306.0
718,2023-03-26,7477,Books,322.01,30,2,North America,PayPal,2.8,497,225.41,450.82
719,2022-01-10,1001,Electronics,376.63,30,4,North America,Debit Card,2.5,694,263.64,1054.56
720,2022-08-30,1374,Beauty,120.27,30,2,Asia,Credit Card,3.3,503,84.19,168.38
721,2022-09-08,5648,Sports,269.07,20,7,Asia,Debit Card,3.5,782,215.26,1506.82
722,2022-01-05,3365,Fashion,414.7,5,9,Asia,Net Banking,3.6,699,393.96,3545.64
723,2022-04-29,2525,Electronics,236.93,25,7,North America,UPI,1.3,245,177.7,1243.9
724,2023-01-09,2646,Sports,146.44,30,6,Europe,PayPal,3.5,478,102.51,615.06
725,2022-03-06,1013,Books,330.81,25,10,Europe,PayPal,4.8,309,248.11,2481.1
726,2022-05-26,5599,Electronics,413.65,30,1,North America,Net Banking,3.2,231,289.55,289.55
727,2022-08-12,3278,Sports,40.94,20,10,Asia,PayPal,3.9,383,32.75,327.5
728,2022-08-27,4155,Electronics,390.63,5,9,Oceania,PayPal,3.2,155,371.1,3339.9
729,2022-06-26,9321,Books,412.61,5,5,Europe,Credit Card,4.4,175,391.98,1959.9
730,2022-10-09,4814,Electronics,236.15,30,5,Asia,Credit Card,4.7,848,165.3,826.5
731,2022-03-04,4216,Sports,491.82,20,6,Asia,Debit Card,1.7,115,393.46,2360.76
732,2022-08-05,9219,Electronics,395.49,10,9,North America,Credit Card,2.7,390,355.94,3203.46
733,2023-11-20,3113,Fashion,389.09,25,8,Asia,Net Banking,2.6,311,291.82,2334.56
734,2023-04-06,5356,Electronics,376.44,25,8,Europe,Credit Card,2.6,993,282.33,2258.64
735,2023-09-02,6543,Electronics,83.8,15,8,North America,PayPal,1.5,300,71.23,569.84
736,2022-04-15,5555,Electronics,116.44,20,1,Asia,Debit Card,4.3,18,93.15,93.15
737,2022-04-09,8062,Sports,237.36,15,1,South America,Credit Card,1.1,784,201.76,201.76
738,2023-05-26,4374,Books,139.36,30,8,Europe,Net Banking,3.1,12,97.55,780.4
739,2023-01-20,7430,Sports,213.47,15,5,Europe,Debit Card,3.6,404,181.45,907.25
740,2023-02-09,4466,Books,445.35,5,9,South America,Debit Card,1.8,813,423.08,3807.72
741,2023-06-02,4081,Electronics,413.92,25,2,South America,Credit Card,4.6,704,310.44,620.88
742,2023-04-21,1629,Books,318.72,15,9,Asia,UPI,4.4,232,270.91,2438.19
743,2023-12-10,1269,Electronics,430.48,5,8,North America,Credit Card,2.9,955,408.96,3271.68
744,2023-10-07,6724,Electronics,394.05,20,9,Africa,UPI,2.6,605,315.24,2837.16
745,2023-03-13,6897,Electronics,220.2,15,4,North America,UPI,1.9,990,187.17,748.68
746,2022-01-23,4432,Fashion,108.52,30,1,Asia,PayPal,3.9,730,75.96,75.96
747,2023-07-19,7276,Home,261.96,30,1,North America,PayPal,1.5,278,183.37,183.37
748,2023-11-08,6895,Books,370.75,30,5,Asia,Debit Card,3.7,353,259.52,1297.6
749,2023-12-15,8115,Sports,223.85,25,2,Europe,Credit Card,4.4,999,167.89,335.78
750,2023-04-03,7656,Beauty,336.72,15,8,Europe,PayPal,1.9,303,286.21,2289.68
751,2022-03-24,1575,Fashion,56.22,20,10,Europe,Credit Card,4.5,541,44.98,449.8
752,2022-05-25,8029,Electronics,376.52,15,5,North America,Debit Card,1.1,470,320.04,1600.2
753,2022-03-26,7099,Electronics,408.23,25,5,Asia,Debit Card,4.7,813,306.17,1530.85
754,2022-03-19,4192,Books,356.35,5,2,South America,PayPal,1.5,77,338.53,677.06
755,2023-04-02,4178,Electronics,483.96,25,7,Oceania,Debit Card,3.6,521,362.97,2540.79
756,2022-01-01,7052,Sports,415.06,30,8,North America,Debit Card,2.0,24,290.54,2324.32
757,2022-02-20,3734,Electronics,452.52,5,10,Asia,UPI,4.3,15,429.89,4298.9
758,2023-11-16,7116,Books,467.45,30,1,Asia,UPI,3.0,676,327.21,327.21
759,2023-12-18,4568,Sports,402.66,10,2,Europe,Credit Card,1.5,525,362.39,724.78
760,2023-03-22,3203,Electronics,340.39,25,10,North America,Debit Card,3.3,347,255.29,2552.9
761,2023-03-25,2390,Sports,12.8,25,4,Asia,PayPal,2.6,172,9.6,38.4
762,2023-05-03,2742,Electronics,238.25,20,5,Africa,Net Banking,3.6,869,190.6,953.0
763,2022-02-03,2925,Electronics,289.87,15,2,Asia,UPI,4.5,327,246.39,492.78
764,2022-12-14,1619,Books,158.97,5,1,Europe,Debit Card,2.6,712,151.02,151.02
765,2022-04-05,2274,Fashion,165.87,5,9,Asia,Credit Card,2.2,485,157.58,1418.22
766,2022-03-13,1956,Beauty,480.97,20,1,North America,PayPal,1.1,489,384.78,384.78
767,2023-07-05,2939,Fashion,446.94,20,4,Asia,PayPal,3.3,462,357.55,1430.2
768,2022-06-03,4953,Beauty,426.1,15,2,Asia,Credit Card,2.6,378,362.18,724.36
769,2022-09-07,1968,Electronics,208.95,30,4,North America,Credit Card,2.5,588,146.26,585.04
770,2023-11-05,1281,Books,16.71,15,8,South America,PayPal,1.7,164,14.2,113.6
771,2023-03-14,7262,Books,49.31,25,8,Europe,Credit Card,2.7,372,36.98,295.84
772,2022-04-28,2058,Fashion,162.98,30,9,Oceania,Credit Card,4.9,573,114.09,1026.81
773,2022-11-02,5293,Beauty,17.71,10,5,Europe,Credit Card,2.2,1000,15.94,79.7
774,2022-09-25,6178,Electronics,18.4,15,7,North America,Credit Card,3.4,977,15.64,109.48
775,2022-02-23,7980,Electronics,459.14,20,3,Europe,Debit Card,4.1,424,367.31,1101.93
776,2022-08-24,2229,Fashion,356.02,30,10,Europe,PayPal,4.0,757,249.21,2492.1
777,2023-01-24,5585,Books,161.39,15,4,North America,Credit Card,2.3,477,137.18,548.72
778,2023-02-05,9467,Electronics,75.0,5,10,Asia,Credit Card,3.4,382,71.25,712.5
779,2023-09-16,3740,Books,260.7,10,9,Asia,Credit Card,4.5,155,234.63,2111.67
780,2022-10-30,3289,Sports,12.62,25,10,Asia,Debit Card,1.1,257,9.46,94.6
781,2022-07-26,2239,Electronics,469.82,5,10,North America,Credit Card,2.7,756,446.33,4463.3
782,2022-08-17,6370,Electronics,213.26,5,1,Asia,Debit Card,1.9,674,202.6,202.6
783,2023-08-01,1125,Electronics,207.14,10,2,North America,PayPal,2.6,68,186.43,372.86
784,2022-03-16,8473,Electronics,201.39,25,5,Asia,Credit Card,2.7,344,151.04,755.2
785,2023-03-11,6342,Beauty,43.97,20,3,North America,Credit Card,4.0,277,35.18,105.54
786,2022-04-13,8351,Electronics,322.78,30,2,Africa,Credit Card,1.4,673,225.95,451.9
787,2023-02-26,7638,Books,369.17,25,1,Asia,Debit Card,3.1,391,276.88,276.88
788,2023-12-05,7570,Home,341.3,15,10,Asia,PayPal,3.3,449,290.1,2901.0
789,2022-11-02,4249,Fashion,77.83,5,3,Europe,Credit Card,3.0,259,73.94,221.82
790,2022-04-08,8595,Books,293.63,15,1,North America,Net Banking,3.9,307,249.59,249.59
791,2022-12-01,7294,Beauty,289.05,20,1,Europe,Credit Card,2.5,847,231.24,231.24
792,2023-03-11,7527,Sports,435.52,15,1,South America,PayPal,4.8,95,370.19,370.19
793,2023-03-23,6757,Beauty,195.77,25,8,Africa,Debit Card,2.9,950,146.83,1174.64
794,2022-11-04,2969,Electronics,192.03,15,3,North America,UPI,3.3,464,163.23,489.69
795,2022-09-06,1891,Electronics,313.08,20,1,Asia,Debit Card,4.3,970,250.46,250.46
796,2022-06-15,5470,Fashion,320.21,20,7,Asia,Debit Card,2.1,246,256.17,1793.19
797,2023-04-26,8175,Fashion,239.95,20,10,Asia,PayPal,1.3,733,191.96,1919.6
798,2022-12-01,9320,Sports,227.1,25,3,North America,PayPal,3.8,635,170.32,510.96
799,2023-06-26,7812,Electronics,252.13,20,8,North America,Debit Card,2.9,187,201.7,1613.6
800,2022-04-16,8519,Sports,431.91,5,4,Europe,Credit Card,4.6,774,410.31,1641.24
801,2023-07-17,5612,Home,235.97,20,4,South America,Credit Card,4.9,925,188.78,755.12
802,2022-03-22,2198,Fashion,470.57,15,5,Europe,PayPal,2.6,785,399.98,1999.9
803,2022-05-13,6238,Electronics,256.96,30,6,Europe,Debit Card,2.7,373,179.87,1079.22
804,2022-05-18,7089,Home,475.11,15,7,Africa,Debit Card,2.6,572,403.84,2826.88
805,2022-07-03,7257,Fashion,418.09,30,4,Asia,UPI,2.3,406,292.66,1170.64
806,2023-02-05,8705,Sports,187.59,15,8,South America,PayPal,4.1,408,159.45,1275.6
807,2022-11-26,4719,Electronics,433.18,25,6,Europe,UPI,4.0,125,324.88,1949.28
808,2023-05-23,1302,Fashion,63.93,15,1,North America,PayPal,2.9,337,54.34,54.34
809,2022-03-10,1986,Electronics,463.27,25,1,Africa,PayPal,1.2,341,347.45,347.45
810,2023-06-30,5440,Beauty,319.51,25,9,Europe,Debit Card,2.2,563,239.63,2156.67
811,2022-02-22,5909,Fashion,36.65,20,10,North America,Credit Card,2.2,178,29.32,293.2
812,2023-03-26,4072,Sports,325.69,5,6,Europe,PayPal,4.2,651,309.41,1856.46
813,2022-07-24,4124,Fashion,487.38,30,10,North America,Debit Card,1.4,952,341.17,3411.7
814,2022-05-06,9125,Sports,44.2,20,8,Europe,Net Banking,4.2,839,35.36,282.88
815,2022-02-12,4291,Home,281.8,20,7,South America,Credit Card,3.7,170,225.44,1578.08
816,2022-04-21,5033,Fashion,376.42,25,6,Africa,Credit Card,3.9,39,282.32,1693.92
817,2023-10-25,6105,Fashion,407.03,25,4,Africa,Net Banking,2.7,69,305.27,1221.08
818,2022-07-02,1703,Sports,212.78,30,7,North America,UPI,3.7,236,148.95,1042.65
819,2022-04-05,9133,Electronics,110.04,15,9,Europe,Debit Card,3.4,560,93.53,841.77
820,2023-01-09,1574,Home,30.75,15,10,North America,PayPal,4.1,381,26.14,261.4
821,2023-06-04,6704,Books,294.07,20,10,South America,UPI,2.8,57,235.26,2352.6
822,2022-12-26,8848,Sports,231.93,10,7,Europe,Debit Card,2.9,277,208.74,1461.18
823,2023-11-27,6208,Home,474.88,10,1,Asia,Credit Card,3.6,850,427.39,427.39
824,2022-10-08,7924,Beauty,39.7,15,10,Asia,PayPal,1.4,99,33.75,337.5
825,2022-07-14,4828,Books,345.84,10,9,Europe,PayPal,2.7,916,311.26,2801.34
826,2022-07-14,4230,Electronics,22.23,15,4,Europe,Credit Card,4.9,527,18.9,75.6
827,2023-10-29,1488,Electronics,94.0,25,3,Oceania,PayPal,1.2,325,70.5,211.5
828,2022-04-03,8114,Electronics,232.25,20,4,Oceania,PayPal,2.3,461,185.8,743.2
829,2023-11-03,4173,Electronics,232.89,5,4,Europe,Debit Card,2.3,179,221.25,885.0
830,2022-03-02,2667,Books,345.99,20,10,Europe,UPI,3.5,844,276.79,2767.9
831,2023-09-26,5114,Home,456.0,15,2,Oceania,Debit Card,1.4,574,387.6,775.2
832,2022-02-20,4553,Electronics,323.13,15,1,North America,Credit Card,3.5,119,274.66,274.66
833,2023-02-07,8761,Books,477.23,20,10,Europe,PayPal,1.4,469,381.78,3817.8
834,2022-01-05,2000,Home,441.99,30,1,North America,PayPal,1.4,549,309.39,309.39
835,2023-04-11,2388,Electronics,296.4,15,8,Asia,UPI,3.9,646,251.94,2015.52
836,2023-08-27,6450,Books,418.56,10,2,North America,Debit Card,2.3,455,376.7,753.4
837,2023-11-13,4712,Beauty,324.86,10,10,Europe,Credit Card,4.9,26,292.37,2923.7
838,2023-06-18,2367,Beauty,48.49,15,5,North America,Credit Card,1.1,490,41.22,206.1
839,2023-02-09,9189,Electronics,372.88,15,4,Asia,Debit Card,2.8,8,316.95,1267.8
840,2023-05-28,1454,Books,56.51,30,8,Oceania,Credit Card,1.5,969,39.56,316.48
841,2023-10-07,3772,Sports,301.1,10,2,South America,UPI,2.4,987,270.99,541.98
842,2022-08-21,4726,Electronics,354.29,15,10,South America,Debit Card,5.0,516,301.15,3011.5
843,2023-06-08,8232,Fashion,42.6,15,9,Asia,PayPal,4.6,533,36.21,325.89
844,2022-12-12,5806,Electronics,123.09,30,7,North America,Credit Card,1.2,927,86.16,603.12
845,2022-02-15,3190,Electronics,458.68,30,7,North America,UPI,3.3,149,321.08,2247.56
846,2023-06-30,3875,Electronics,311.99,20,1,Africa,Debit Card,3.6,488,249.59,249.59
847,2022-03-19,6592,Electronics,130.68,30,2,Europe,Credit Card,1.8,25,91.48,182.96
848,2023-12-31,2440,Home,348.43,5,4,North America,Credit Card,1.6,999,331.01,1324.04
849,2022-03-14,9927,Beauty,302.42,10,4,Asia,Credit Card,4.6,655,272.18,1088.72
850,2022-09-06,7059,Electronics,255.77,20,3,Europe,PayPal,4.9,757,204.62,613.86
851,2022-02-16,8010,Home,488.33,5,7,Europe,Credit Card,5.0,931,463.91,3247.37
852,2022-05-01,8117,Sports,344.89,15,8,Oceania,PayPal,4.2,945,293.16,2345.28
853,2022-08-02,3989,Electronics,193.97,15,2,South America,Net Banking,3.7,555,164.87,329.74
854,2022-08-27,7228,Electronics,402.04,20,4,Europe,PayPal,2.4,425,321.63,1286.52
855,2022-02-25,7471,Home,443.45,30,3,Oceania,Credit Card,1.7,293,310.41,931.23
856,2022-12-16,3863,Electronics,71.36,15,2,Asia,Net Banking,1.3,185,60.66,121.32
857,2022-04-17,2177,Sports,108.27,25,6,Asia,Credit Card,3.8,554,81.2,487.2
858,2022-02-17,5760,Electronics,115.95,20,4,North America,Debit Card,4.1,431,92.76,371.04
859,2023-07-27,1011,Beauty,348.69,5,6,North America,PayPal,4.3,604,331.26,1987.56
860,2022-12-03,6252,Books,305.49,20,2,Asia,UPI,4.7,317,244.39,488.78
861,2022-01-26,5399,Books,313.31,10,4,South America,Debit Card,4.5,398,281.98,1127.92
862,2022-09-14,9234,Home,470.98,30,6,Asia,Credit Card,5.0,324,329.69,1978.14
863,2022-01-08,6445,Fashion,390.2,30,5,North America,Debit Card,2.0,565,273.14,1365.7
864,2023-09-17,7570,Fashion,72.69,20,3,North America,Debit Card,4.1,596,58.15,174.45
865,2022-09-10,9212,Fashion,180.28,15,8,South America,Credit Card,3.3,546,153.24,1225.92
866,2023-11-23,1406,Fashion,223.34,15,7,North America,Net Banking,2.0,76,189.84,1328.88
867,2023-12-20,5431,Books,204.02,25,3,Asia,Net Banking,4.9,865,153.02,459.06
868,2022-10-30,6243,Beauty,337.96,25,6,North America,PayPal,4.6,920,253.47,1520.82
869,2023-10-01,7542,Fashion,447.03,30,4,North America,Debit Card,1.5,916,312.92,1251.68
870,2022-02-25,7936,Home,159.97,25,5,Asia,UPI,1.1,709,119.98,599.9
871,2023-12-27,9906,Sports,280.42,5,5,Asia,Net Banking,3.8,486,266.4,1332.0
872,2023-06-10,5146,Beauty,396.81,25,7,Europe,PayPal,3.4,798,297.61,2083.27
873,2023-04-19,1140,Books,213.95,5,5,North America,Debit Card,4.7,88,203.25,1016.25
874,2022-01-28,5882,Sports,92.38,25,3,South America,Credit Card,1.9,747,69.28,207.84
875,2022-03-19,7012,Electronics,242.73,30,10,North America,Credit Card,1.3,232,169.91,1699.1
876,2022-08-04,1963,Home,37.06,30,5,Asia,UPI,2.0,7,25.94,129.7
877,2023-01-21,8151,Home,471.77,5,7,Oceania,UPI,1.1,804,448.18,3137.26
878,2022-12-31,9564,Sports,46.66,20,5,North America,PayPal,1.1,550,37.33,186.65
879,2023-10-28,4610,Fashion,224.84,30,5,Africa,Credit Card,4.7,976,157.39,786.95
880,2023-06-10,7894,Home,269.64,20,9,North America,Credit Card,2.4,52,215.71,1941.39
881,2023-11-30,8311,Electronics,492.8,15,3,Asia,Debit Card,2.6,655,418.88,1256.64
882,2022-11-08,1105,Sports,91.35,5,6,Europe,Debit Card,1.1,942,86.78,520.68
883,2022-01-07,6539,Beauty,66.07,30,1,Oceania,Credit Card,2.1,919,46.25,46.25
884,2022-01-03,7787,Fashion,14.27,10,10,Europe,UPI,4.2,396,12.84,128.4
885,2023-09-15,3137,Beauty,86.23,15,5,Europe,Debit Card,3.5,221,73.3,366.5
886,2022-12-29,5445,Books,111.56,20,8,Oceania,PayPal,4.0,428,89.25,714.0
887,2023-05-23,4530,Books,318.98,30,5,Asia,Debit Card,2.8,752,223.29,1116.45
888,2022-10-01,2286,Books,117.66,5,9,Asia,Credit Card,2.2,143,111.78,1006.02
889,2023-05-21,8052,Fashion,20.06,25,6,Europe,Debit Card,2.9,861,15.04,90.24
890,2022-01-15,4654,Home,415.04,10,8,Asia,PayPal,2.3,363,373.54,2988.32
891,2022-07-11,8102,Books,189.14,20,10,North America,Credit Card,4.4,382,151.31,1513.1
892,2023-09-23,3359,Books,183.31,15,8,North America,PayPal,2.2,561,155.81,1246.48
893,2023-04-30,9105,Beauty,158.21,5,3,Asia,Debit Card,3.6,277,150.3,450.9
894,2022-01-28,9636,Sports,487.93,10,7,Europe,PayPal,1.5,271,439.14,3073.98
895,2023-12-15,7441,Sports,93.36,5,7,Oceania,PayPal,3.7,14,88.69,620.83
896,2022-02-08,6047,Sports,450.14,30,10,Africa,Credit Card,4.7,298,315.1,3151.0
897,2022-09-30,9227,Home,390.63,25,6,Asia,UPI,3.4,464,292.97,1757.82
898,2022-08-19,6203,Books,47.48,15,7,South America,Credit Card,3.2,527,40.36,282.52
899,2022-03-27,2798,Electronics,493.5,5,2,Asia,PayPal,4.8,234,468.82,937.64
900,2023-04-19,6291,Home,142.97,20,9,North America,Debit Card,3.5,575,114.38,1029.42
901,2022-05-06,6495,Fashion,58.31,30,10,Asia,Debit Card,2.0,708,40.82,408.2
902,2023-06-21,7284,Home,416.36,30,10,North America,PayPal,2.2,27,291.45,2914.5
903,2022-05-25,8285,Books,356.27,15,1,Europe,PayPal,3.8,471,302.83,302.83
904,2023-06-09,2300,Fashion,312.44,30,1,South America,Credit Card,3.9,93,218.71,218.71
905,2022-07-31,7869,Electronics,86.43,20,3,Asia,UPI,2.2,617,69.14,207.42
906,2022-01-25,4097,Home,244.46,5,3,South America,Debit Card,2.4,309,232.24,696.72
907,2023-08-03,5616,Electronics,392.47,15,1,North America,Debit Card,5.0,52,333.6,333.6
908,2023-01-29,1009,Home,158.78,30,7,Asia,UPI,1.4,319,111.15,778.05
909,2022-03-08,6752,Books,162.73,30,4,North America,Debit Card,2.6,969,113.91,455.64
910,2022-08-21,7295,Books,11.54,20,10,Asia,Credit Card,1.2,181,9.23,92.3
911,2022-04-19,5815,Sports,95.38,25,2,Asia,PayPal,4.3,569,71.54,143.08
912,2022-05-26,2072,Home,438.95,25,10,Asia,Credit Card,1.4,120,329.21,3292.1
913,2022-04-21,4225,Books,226.46,30,5,Europe,UPI,3.7,820,158.52,792.6
914,2022-08-16,2316,Sports,492.27,5,6,North America,Credit Card,1.2,875,467.66,2805.96
915,2022-04-21,6699,Fashion,203.9,15,9,North America,Credit Card,3.7,43,173.32,1559.88
916,2023-04-15,7807,Electronics,360.44,30,4,Asia,Credit Card,4.4,647,252.31,1009.24
917,2022-02-03,7674,Books,148.14,10,2,Africa,UPI,2.6,885,133.33,266.66
918,2023-09-15,4683,Home,188.27,15,5,North America,PayPal,3.1,938,160.03,800.15
919,2023-01-04,8227,Home,103.46,25,3,Asia,Credit Card,2.6,260,77.6,232.8
920,2023-08-18,4273,Fashion,180.06,30,2,South America,Credit Card,2.2,197,126.04,252.08
921,2023-07-08,8000,Sports,278.15,20,1,Asia,Net Banking,4.2,645,222.52,222.52
922,2023-03-01,1145,Electronics,495.97,10,10,Asia,Credit Card,2.1,971,446.37,4463.7
923,2023-09-05,6010,Fashion,335.46,30,2,South America,PayPal,3.9,255,234.82,469.64
924,2023-06-02,4040,Fashion,107.63,5,6,Europe,Credit Card,1.8,732,102.25,613.5
925,2023-11-23,1482,Fashion,32.03,10,8,Europe,PayPal,2.0,336,28.83,230.64
926,2022-10-09,4179,Books,71.91,30,3,North America,Credit Card,2.3,553,50.34,151.02
927,2022-11-16,2249,Electronics,285.65,5,9,Oceania,PayPal,3.4,502,271.37,2442.33
928,2023-03-19,1630,Sports,384.93,10,9,Africa,PayPal,2.8,990,346.44,3117.96
929,2022-11-11,9853,Electronics,470.81,5,2,Asia,Debit Card,4.0,900,447.27,894.54
930,2023-01-12,3852,Fashion,17.75,5,8,North America,Credit Card,1.9,255,16.86,134.88
931,2022-10-16,1987,Books,266.15,10,10,Europe,PayPal,1.0,514,239.54,2395.4
932,2023-03-13,8622,Fashion,240.73,10,5,North America,UPI,4.1,707,216.66,1083.3
933,2023-10-24,8327,Electronics,331.47,5,4,North America,Credit Card,4.3,242,314.9,1259.6
934,2022-10-04,9841,Sports,284.19,25,10,Asia,Credit Card,1.2,149,213.14,2131.4
935,2023-12-11,2100,Fashion,346.65,10,5,Oceania,PayPal,3.4,710,311.98,1559.9
936,2023-08-05,7652,Home,332.46,30,4,Africa,Credit Card,2.5,299,232.72,930.88
937,2023-05-18,9632,Sports,67.34,15,8,Asia,UPI,4.2,757,57.24,457.92
938,2023-09-16,8421,Electronics,401.86,20,4,North America,Debit Card,4.5,850,321.49,1285.96
939,2023-05-31,6016,Sports,70.38,5,10,Europe,PayPal,4.4,620,66.86,668.6
940,2022-12-16,1769,Electronics,352.28,5,6,Europe,Net Banking,4.1,453,334.67,2008.02
941,2023-03-22,2343,Home,213.91,20,2,Asia,Net Banking,2.1,393,171.13,342.26
942,2022-12-16,5358,Electronics,261.79,25,5,South America,Credit Card,4.2,212,196.34,981.7
943,2023-08-30,7780,Electronics,452.62,20,6,Europe,PayPal,3.1,668,362.1,2172.6
944,2023-10-26,7602,Fashion,446.04,10,5,Europe,Credit Card,1.2,538,401.44,2007.2
945,2022-05-17,3349,Fashion,410.75,20,2,North America,UPI,2.8,594,328.6,657.2
946,2022-08-31,6699,Fashion,259.97,5,7,Europe,Debit Card,4.8,595,246.97,1728.79
947,2023-06-27,2241,Electronics,370.76,20,4,Europe,Credit Card,4.6,131,296.61,1186.44
948,2022-02-09,2125,Books,261.32,15,8,North America,Net Banking,1.4,329,222.12,1776.96
949,2022-08-17,7764,Beauty,436.11,30,7,Europe,Credit Card,4.0,612,305.28,2136.96
950,2023-07-02,6101,Home,207.36,10,7,South America,UPI,4.2,256,186.62,1306.34
951,2022-08-11,8843,Electronics,485.42,20,9,Asia,PayPal,2.1,479,388.34,3495.06
952,2022-01-06,1072,Fashion,466.84,5,1,North America,PayPal,2.9,561,443.5,443.5
953,2022-11-18,6472,Sports,373.39,30,10,North America,Credit Card,3.8,913,261.37,2613.7
954,2023-04-13,6189,Sports,146.91,10,6,Europe,Debit Card,2.8,63,132.22,793.32
955,2022-03-16,3472,Home,74.51,5,6,Europe,PayPal,1.5,311,70.78,424.68
956,2022-01-04,1707,Fashion,428.8,25,6,Europe,Credit Card,3.8,407,321.6,1929.6
957,2023-10-08,2804,Electronics,91.0,15,6,Asia,Debit Card,4.6,802,77.35,464.1
958,2022-04-28,7704,Books,428.59,25,10,Asia,Credit Card,3.6,105,321.44,3214.4
959,2023-08-29,4713,Fashion,250.47,15,7,Asia,Debit Card,4.1,617,212.9,1490.3
960,2023-05-19,6051,Sports,209.21,20,10,Europe,PayPal,2.4,837,167.37,1673.7
961,2023-07-28,3475,Home,452.56,10,6,South America,Debit Card,1.7,15,407.3,2443.8
962,2023-03-17,4610,Electronics,305.89,20,1,Europe,UPI,3.6,687,244.71,244.71
963,2022-07-13,5255,Sports,292.54,15,3,North America,Debit Card,2.3,259,248.66,745.98
964,2023-12-16,8397,Electronics,283.8,15,2,Asia,Debit Card,4.4,723,241.23,482.46
965,2023-01-27,2735,Electronics,191.87,15,6,Asia,Credit Card,1.5,412,163.09,978.54
966,2022-01-26,9258,Fashion,394.97,30,8,Africa,Credit Card,2.7,259,276.48,2211.84
967,2023-03-11,8979,Beauty,133.87,5,3,Asia,Debit Card,2.6,614,127.18,381.54
968,2022-06-22,3428,Books,470.06,10,10,Africa,UPI,4.8,260,423.05,4230.5
969,2022-10-27,8426,Beauty,448.05,20,8,Africa,Debit Card,1.6,856,358.44,2867.52
970,2023-10-07,9533,Sports,175.37,20,8,Asia,Credit Card,1.0,671,140.3,1122.4
971,2022-11-22,6249,Books,367.44,25,5,Asia,Debit Card,2.0,45,275.58,1377.9
972,2023-02-14,6291,Electronics,290.88,15,8,Asia,Credit Card,4.3,955,247.25,1978.0
973,2022-04-28,3817,Sports,175.45,15,6,Oceania,Net Banking,1.8,813,149.13,894.78
974,2023-12-25,4874,Electronics,494.38,15,5,Asia,Debit Card,2.0,763,420.22,2101.1
975,2022-08-13,5211,Beauty,22.37,20,9,North America,Credit Card,1.5,331,17.9,161.1
976,2023-06-16,1661,Beauty,133.8,25,7,Asia,Credit Card,3.9,165,100.35,702.45
977,2022-04-23,4374,Electronics,264.84,5,8,North America,Net Banking,1.3,193,251.6,2012.8
978,2022-05-20,1207,Electronics,265.76,30,1,Europe,Credit Card,2.3,521,186.03,186.03
979,2023-07-13,3665,Beauty,298.58,10,2,North America,PayPal,2.1,401,268.72,537.44
980,2022-01-01,3493,Home,378.32,5,8,Asia,Credit Card,3.2,374,359.4,2875.2
981,2022-03-31,7813,Books,315.5,20,9,South America,Net Banking,3.9,65,252.4,2271.6
982,2023-10-16,1632,Books,304.14,30,4,Europe,PayPal,3.1,387,212.9,851.6
983,2022-11-16,4083,Electronics,36.22,30,10,North America,UPI,4.7,495,25.35,253.5
984,2023-07-04,4719,Beauty,194.5,30,10,Europe,Credit Card,4.8,794,136.15,1361.5
985,2022-05-19,8123,Sports,123.71,15,9,Asia,Credit Card,2.4,693,105.15,946.35
986,2023-05-26,2679,Home,140.03,10,4,Europe,Debit Card,4.1,415,126.03,504.12
987,2022-09-16,1236,Books,281.63,20,10,Europe,Debit Card,4.0,794,225.3,2253.0
988,2023-11-04,8446,Fashion,107.76,20,10,North America,Credit Card,4.6,791,86.21,862.1
989,2023-11-21,5443,Sports,154.04,30,10,Europe,Credit Card,2.8,30,107.83,1078.3
990,2022-01-10,7770,Fashion,126.17,20,9,Europe,UPI,3.1,266,100.94,908.46
991,2022-09-18,7099,Fashion,474.77,10,7,Asia,Debit Card,2.7,328,427.29,2991.03
992,2023-10-12,9555,Books,472.89,10,2,North America,Credit Card,4.4,492,425.6,851.2
993,2022-06-21,3368,Home,308.87,25,9,Asia,Credit Card,1.9,217,231.65,2084.85
994,2022-01-13,1285,Beauty,463.02,25,4,North America,Net Banking,2.0,320,347.26,1389.04
995,2022-06-17,1148,Fashion,395.05,5,8,Europe,Debit Card,2.5,918,375.3,3002.4
996,2023-10-04,5037,Electronics,299.07,10,7,Europe,PayPal,1.9,399,269.16,1884.12
997,2023-08-19,7549,Home,13.15,10,7,Asia,Debit Card,3.2,891,11.84,82.88
998,2022-11-17,8121,Beauty,388.53,10,8,Africa,Credit Card,1.5,105,349.68,2797.44
999,2022-11-15,5895,Books,354.22,25,1,Africa,Credit Card,2.3,696,265.67,265.67
1000,2023-09-05,6280,Electronics,311.47,30,5,Asia,Credit Card,4.7,330,218.03,1090.15
